Time (s),x,y,z
3.050221300E-2,0.992327,0.057491485,9.718456
3.554804600E-2,-0.34794325,-0.35153648,9.666954
4.059387900E-2,-0.63001084,-0.2700902,9.662163
4.563971300E-2,1.097728,0.0670734,9.64779
5.068559800E-2,0.8629711,-0.058090355,9.793315
5.573143100E-2,-0.63959277,-0.40483588,9.591496
6.077726500E-2,-0.3527342,-0.22158177,9.671744
6.582309800E-2,0.9779541,0.1006101,9.662163
7.086893100E-2,0.80547965,-0.08204514,9.737021
7.591476500E-2,-0.5341917,-0.33237264,9.614852
8.096059800E-2,-0.3671071,-0.27488115,9.695101
8.600643100E-2,0.87255305,0.057491485,9.64779
9.105226500E-2,0.8246435,-0.06767227,9.737021
9.609815000E-2,-0.46292624,-0.3371636,9.614852
1.011439830E-1,-0.3862709,-0.25571734,9.685518
1.061898170E-1,0.8677621,0.08144627,9.69031
1.112356500E-1,0.84380734,-0.043717485,9.769959
1.162814830E-1,-0.4198076,-0.31320882,9.601078
1.213273170E-1,-0.4102257,-0.25092638,9.64779
1.263731500E-1,0.82943445,0.052700527,9.64779
1.314189830E-1,0.87255305,-0.07246323,9.737021
1.364648170E-1,-0.4198076,-0.32279074,9.614852
1.415107020E-1,-0.40543476,-0.27488115,9.680728
1.465565350E-1,0.8342254,0.028146872,9.662163
1.516023690E-1,0.8629711,-0.038926527,9.728039
1.566482020E-1,-0.4102257,-0.31320882,9.6244335
1.616940350E-1,-0.43897143,-0.24074559,9.69031
1.667398690E-1,0.81985253,0.042519744,9.695101
1.717857020E-1,0.8917169,-0.053299397,9.784332
1.768315350E-1,-0.3862709,-0.29883596,9.638806
1.818774210E-1,-0.44855335,-0.27488115,9.675937
1.869232540E-1,0.8102706,0.023355916,9.671744
1.919690880E-1,0.89650786,-0.038926527,9.751394
1.970149210E-1,-0.39585283,-0.31320882,9.614852
2.020607540E-1,-0.4341805,-0.2700902,9.671744
2.071065880E-1,0.82943445,0.042519744,9.662163
2.121524210E-1,0.91567165,-0.038926527,9.77475
2.171982540E-1,-0.40543476,-0.34195456,9.614852
2.222440880E-1,-0.4437624,-0.23595464,9.666954
2.272899730E-1,0.8342254,0.008983045,9.634016
2.323358060E-1,0.9012988,-0.024553655,9.741813
2.373816400E-1,-0.39585283,-0.34195456,9.61066
2.424274730E-1,-0.46292624,-0.25571734,9.643598
2.474733060E-1,0.8006887,0.037728786,9.685518
2.525191400E-1,0.89650786,-0.019762699,9.765168
2.575649730E-1,-0.40543476,-0.33237264,9.601078
2.626108060E-1,-0.49167198,-0.22637272,9.671744
2.676566400E-1,0.8006887,0.028146872,9.741813
2.727025250E-1,0.93962646,-0.029344613,9.769959
2.777483580E-1,-0.3862709,-0.3275817,9.6573715
2.827941920E-1,-0.47250813,-0.21199985,9.652581
2.878400250E-1,0.8246435,0.052700527,9.64779
2.928858580E-1,0.93962646,-0.014971741,9.756186
2.979316920E-1,-0.35752517,-0.35632744,9.634016
3.029775250E-1,-0.47250813,-0.24553655,9.638806
3.080233580E-1,0.80547965,0.047310703,9.666954
3.130691920E-1,0.9012988,-5.9886964E-4,9.732829
3.181150770E-1,-0.37189806,-0.3707003,9.634016
3.231609100E-1,-0.5204177,-0.22637272,9.6573715
3.282067440E-1,0.77673393,0.042519744,9.652581
3.332525770E-1,0.91088074,-0.010180783,9.789124
3.382984100E-1,-0.376689,-0.36111838,9.6244335
3.433442440E-1,-0.5204177,-0.20720889,9.680728
3.483900770E-1,0.76236105,0.03293783,9.671744
3.534359100E-1,0.93962646,-0.024553655,9.789124
3.584817440E-1,-0.33836135,-0.36590934,9.6244335
3.635276290E-1,-0.49167198,-0.22158177,9.695101
3.685734630E-1,0.8102706,0.0041920873,9.699891
3.736192960E-1,0.9492084,-0.005389827,9.769959
3.786651290E-1,-0.3671071,-0.37549126,9.605869
3.837109630E-1,-0.48688102,-0.16888124,9.64779
3.887567960E-1,0.8102706,0.018564958,9.685518
3.938026290E-1,0.95399934,-0.038926527,9.769959
3.988484630E-1,-0.376689,-0.34195456,9.61066
4.038943480E-1,-0.5485646,-0.21199985,9.671744
4.089401810E-1,0.7958977,-0.014971741,9.699891
4.139860150E-1,0.9683722,0.042519744,9.784332
4.190318480E-1,-0.32877943,-0.3371636,9.6244335
4.240776810E-1,-0.52940077,-0.21199985,9.634016
4.291235150E-1,0.767152,0.008983045,9.64779
4.341693480E-1,0.9779541,0.03293783,9.760976
4.392151810E-1,-0.35752517,-0.38028222,9.638806
4.442610150E-1,-0.5677284,-0.22637272,9.662163
4.493069000E-1,0.77673393,-5.9886964E-4,9.666954
4.543527330E-1,0.9731632,-5.9886964E-4,9.723248
4.593985670E-1,-0.3431523,-0.38507318,9.643598
4.644444000E-1,-0.5916832,-0.21199985,9.666954
4.694902330E-1,0.7958977,-5.9886964E-4,9.695101
4.745360670E-1,1.0114908,0.028146872,9.728039
4.795819000E-1,-0.32877943,-0.34674552,9.586705
4.846277330E-1,-0.5533555,-0.19762698,9.634016
4.896735670E-1,0.7815249,0.008983045,9.685518
4.947194520E-1,1.0114908,0.052700527,9.77475
4.997652850E-1,-0.31440654,-0.34195456,9.634016
5.048111190E-1,-0.5485646,-0.20241794,9.629225
5.098569520E-1,0.80547965,-0.019762699,9.680728
5.149027850E-1,0.987536,-5.9886964E-4,9.760976
5.199486190E-1,-0.33836135,-0.34674552,9.61066
5.249944520E-1,-0.5916832,-0.23116368,9.643598
5.300402850E-1,0.7342142,-0.043717485,9.685518
5.350861190E-1,0.99711794,0.0670734,9.760976
5.401320040E-1,-0.31440654,-0.3707003,9.601078
5.451778380E-1,-0.5821013,-0.22158177,9.652581
5.502236710E-1,0.767152,0.008983045,9.662163
5.552695040E-1,1.0162817,0.018564958,9.779541
5.603153380E-1,-0.3191975,-0.37549126,9.614852
5.653615350E-1,-0.5773103,-0.20720889,9.643598
5.704078380E-1,0.7958977,-0.04850844,9.69031
5.754541400E-1,1.0066998,0.008983045,9.723248
5.805003900E-1,-0.31440654,-0.3707003,9.586705
5.855466920E-1,-0.6204289,-0.18325411,9.643598
5.905929420E-1,0.7485871,-0.010180783,9.671744
5.956392440E-1,1.0210727,0.037728786,9.737021
6.006855460E-1,-0.3191975,-0.3707003,9.634016
6.057317960E-1,-0.61084706,-0.20720889,9.675937
6.107780980E-1,0.7342142,-0.04850844,9.699891
6.158243480E-1,1.0210727,0.028146872,9.769959
6.208706500E-1,-0.3000337,-0.36111838,9.666954
6.259169520E-1,-0.6491747,-0.19762698,9.662163
6.309632020E-1,0.7485871,-0.010180783,9.671744
6.360095040E-1,1.0306547,0.07665531,9.746603
6.410558060E-1,-0.30482465,-0.32279074,9.614852
6.461020560E-1,-0.6252199,-0.20720889,9.6573715
6.511483580E-1,0.753378,-0.005389827,9.638806
6.561946080E-1,1.0594004,0.042519744,9.718456
6.612409100E-1,-0.2856608,-0.3371636,9.6244335
6.662872130E-1,-0.6635476,-0.22158177,9.6573715
6.713334630E-1,0.7485871,-0.005389827,9.671744
6.763797650E-1,1.0450275,0.037728786,9.751394
6.814260670E-1,-0.27128795,-0.35632744,9.605869
6.864723170E-1,-0.65396565,-0.19762698,9.662163
6.915186190E-1,0.7294232,0.008983045,9.685518
6.965648690E-1,1.0306547,0.0670734,9.807688
7.016111710E-1,-0.26170602,-0.36590934,9.619643
7.066574730E-1,-0.6779204,-0.21679081,9.634016
7.117037230E-1,0.7294232,-0.03413557,9.685518
7.167500250E-1,1.0402366,0.047310703,9.756186
7.217962750E-1,-0.2856608,-0.31799978,9.582513
7.268425770E-1,-0.6731295,-0.22637272,9.652581
7.318888790E-1,0.7294232,-0.029344613,9.695101
7.369351290E-1,1.0258636,0.042519744,9.779541
7.419814310E-1,-0.266497,-0.3275817,9.6244335
7.470277330E-1,-0.65396565,-0.21199985,9.643598
7.520739830E-1,0.72463226,-0.043717485,9.629225
7.571202850E-1,1.0689822,0.062282443,9.784332
7.621665350E-1,-0.25691506,-0.31799978,9.638806
7.672128380E-1,-0.6875023,-0.23116368,9.64779
7.722591400E-1,0.6958865,-0.005389827,9.699891
7.773053900E-1,1.0546094,0.052700527,9.784332
7.823516920E-1,-0.22337838,-0.29883596,9.614852
7.873979940E-1,-0.6779204,-0.19283602,9.652581
7.924442440E-1,0.72463226,0.0041920873,9.69031
7.974905460E-1,1.0833552,0.062282443,9.765168
8.025367960E-1,-0.28086987,-0.31320882,9.605869
8.075830980E-1,-0.6922933,-0.24074559,9.619643
8.126294000E-1,0.7054684,-5.9886964E-4,9.708875
8.176756500E-1,1.0881461,0.037728786,9.784332
8.227219520E-1,-0.18984167,-0.34195456,9.591496
8.277682540E-1,-0.68271136,-0.25571734,9.638806
8.328145040E-1,0.6671408,0.018564958,9.662163
8.378608060E-1,1.0594004,0.052700527,9.746603
8.429070560E-1,-0.25212413,-0.30841786,9.64779
8.479533580E-1,-0.72103906,-0.19762698,9.64779
8.529996600E-1,0.68151367,0.008983045,9.662163
8.580459100E-1,1.0641913,0.062282443,9.732829
8.630922130E-1,-0.25212413,-0.31799978,9.61066
8.681384630E-1,-0.6875023,-0.26529926,9.634016
8.731847650E-1,0.67193174,-0.014971741,9.680728
8.782310670E-1,1.0737733,0.057491485,9.765168
8.832773170E-1,-0.23775125,-0.30841786,9.619643
8.883236190E-1,-0.69708425,-0.24074559,9.629225
8.933699210E-1,0.6671408,0.008983045,9.718456
8.984161710E-1,1.0785642,0.07186436,9.756186
9.034624730E-1,-0.22337838,-0.2700902,9.634016
9.085087230E-1,-0.7018752,-0.24074559,9.64779
9.135550250E-1,0.64797693,0.018564958,9.69031
9.186013270E-1,1.1168919,0.08623723,9.760976
9.236475770E-1,-0.19942358,-0.28446308,9.601078
9.286938790E-1,-0.7018752,-0.28925404,9.629225
9.337401810E-1,0.63360405,0.023355916,9.652581
9.387864310E-1,1.1073099,0.052700527,9.732829
9.438327330E-1,-0.18505071,-0.33237264,9.61066
9.488789830E-1,-0.72103906,-0.28446308,9.652581
9.539252850E-1,0.6288131,-0.010180783,9.685518
9.589715880E-1,1.1216829,0.042519744,9.784332
9.640178380E-1,-0.18025976,-0.2700902,9.629225
9.690641400E-1,-0.73541194,-0.27967212,9.666954
9.741103900E-1,0.60485834,0.008983045,9.634016
9.791566920E-1,1.112101,0.042519744,9.718456
9.842029940E-1,-0.18984167,-0.25092638,9.629225
9.892492440E-1,-0.72583,-0.28446308,9.605869
9.942955460E-1,0.57611257,0.018564958,9.6573715
9.993418480E-1,1.1264738,0.03293783,9.769959
1.004388098E0,-0.15630497,-0.28446308,9.619643
1.009434400E0,-0.73541194,-0.31799978,9.652581
1.014480650E0,0.59467757,-5.9886964E-4,9.699891
1.019526952E0,1.1258749,0.042519744,9.760976
1.024573254E0,-0.18564959,-0.294045,9.56814
1.029619504E0,-0.71684694,-0.27488115,9.61066
1.034665806E0,0.57072276,0.023355916,9.695101
1.039712108E0,1.1306659,0.03293783,9.807688
1.044758358E0,-0.15690385,-0.3036269,9.634016
1.049804660E0,-0.7360108,-0.27488115,9.61066
1.054850910E0,0.5898866,0.008983045,9.666954
1.059897213E0,1.1594117,0.028146872,9.723248
1.064943463E0,-0.14732192,-0.29883596,9.587304
1.069989713E0,-0.7216379,-0.29883596,9.634016
1.075036015E0,0.5515589,0.037728786,9.695101
1.080082265E0,1.1354568,0.008983045,9.765767
1.085128567E0,-0.18085863,-0.31320882,9.638806
1.090174817E0,-0.7360108,-0.3275817,9.643598
1.095221119E0,0.54197705,0.0041920873,9.69031
1.100267369E0,1.1737845,0.028146872,9.770558
1.105313671E0,-0.13774002,-0.294045,9.634016
1.110359921E0,-0.72642887,-0.33237264,9.620242
1.115406223E0,0.5515589,0.013774002,9.746603
1.120452473E0,1.1546206,0.056892615,9.765767
1.125498775E0,-0.14732192,-0.24613541,9.572931
1.130545025E0,-0.6976831,-0.34195456,9.61066
1.135591275E0,0.5755137,0.047310703,9.676536
1.140637577E0,1.1450387,0.042519744,9.770558
1.145683827E0,-0.1281581,-0.23176254,9.620242
1.150730129E0,-0.7312198,-0.34195456,9.625032
1.155776379E0,0.5084403,0.028146872,9.699891
1.160822681E0,1.1785754,0.023355916,9.765767
1.165868931E0,-0.10420331,-0.24613541,9.592095
1.170915233E0,-0.74080175,-0.32279074,9.61066
1.175961483E0,0.5084403,0.018564958,9.718456
1.181007785E0,1.1833664,-0.005389827,9.742412
1.186054035E0,-0.108994275,-0.25092638,9.620242
1.191100338E0,-0.707265,-0.32279074,9.625032
1.196146588E0,0.50364935,0.008983045,9.666954
1.201192890E0,1.1785754,0.013774002,9.789124
1.206239140E0,-0.09941236,-0.26529926,9.671744
1.211285442E0,-0.7312198,-0.3371636,9.596886
1.216331692E0,0.4749036,0.0041920873,9.69031
1.221377994E0,1.1833664,0.008983045,9.742412
1.226424244E0,-0.07545757,-0.20241794,9.671744
1.231470546E0,-0.71684694,-0.34195456,9.625032
1.236516796E0,0.4749036,0.008983045,9.704682
1.241563098E0,1.1594117,0.023355916,9.789124
1.246609348E0,-0.094621405,-0.2605083,9.643598
1.251655650E0,-0.68810123,-0.37609014,9.596886
1.256701900E0,0.4557398,-0.019762699,9.746603
1.261748150E0,1.1546206,-0.014971741,9.714264
1.266794452E0,-0.06587566,-0.26529926,9.629225
1.271840702E0,-0.68810123,-0.390463,9.625032
1.276887004E0,0.46053076,0.023355916,9.681327
1.281933254E0,1.1642026,0.047310703,9.775349
1.286979556E0,-0.061084703,-0.20780776,9.671744
1.292025806E0,-0.7360108,-0.36171725,9.65318
1.297072108E0,0.43178502,-0.03413557,9.714264
1.302118358E0,1.1737845,-0.010180783,9.742412
1.307164660E0,-0.041920874,-0.27488115,9.615451
1.312210910E0,-0.7312198,-0.3569263,9.587304
1.317257213E0,0.4078302,0.018564958,9.69031
1.322303463E0,1.1785754,-5.9886964E-4,9.807688
1.327349765E0,-0.032338962,-0.2365535,9.65318
1.332396015E0,-0.707265,-0.3275817,9.572931
1.337442317E0,0.44615787,-0.005389827,9.732829
1.342488567E0,1.1785754,0.013774002,9.760976
1.347534869E0,-0.041920874,-0.22218063,9.65797
1.352581119E0,-0.6833103,-0.3371636,9.587304
1.357627421E0,0.43178502,0.008983045,9.69031
1.362673671E0,1.1929483,-5.9886964E-4,9.73762
1.367719973E0,0.015570611,-0.23176254,9.666954
1.372766223E0,-0.6928922,-0.34674552,9.615451
1.377812525E0,0.40303928,-0.010180783,9.686117
1.382858775E0,1.1594117,0.03293783,9.742412
1.387905077E0,0.025152525,-0.21738967,9.615451
1.392951327E0,-0.712056,-0.34674552,9.587304
1.397997577E0,0.34554777,-5.9886964E-4,9.723248
1.403043879E0,1.1546206,0.028146872,9.751394
1.408090181E0,0.015570611,-0.24613541,9.666954
1.413136640E0,-0.6976831,-0.31320882,9.596287
1.418183098E0,0.35572857,-0.010180783,9.685518
1.423229556E0,1.1743834,0.028146872,9.699891
1.428276015E0,0.006587566,-0.22637272,9.619643
1.433322473E0,-0.68271136,-0.34195456,9.539993
1.438368983E0,0.36051953,-0.010180783,9.732829
1.443415442E0,1.1695924,0.052700527,9.760976
1.448461900E0,0.025751395,-0.24074559,9.680728
1.453508358E0,-0.6731295,-0.35632744,9.591496
1.458554817E0,0.3317738,-0.038926527,9.718456
1.463601327E0,1.1552196,0.0041920873,9.737021
1.468647785E0,0.04970618,-0.24074559,9.69031
1.473694244E0,-0.6731295,-0.34674552,9.572931
1.478740702E0,0.3317738,-5.9886964E-4,9.728039
1.483787160E0,1.1695924,0.08144627,9.751394
1.488833619E0,0.054497138,-0.23116368,9.666954
1.493880129E0,-0.6779204,-0.34674552,9.577723
1.498926588E0,0.32279074,-5.9886964E-4,9.718456
1.503973046E0,1.1600105,0.028745743,9.741813
1.509019504E0,0.07366096,-0.25511846,9.634016
1.514065963E0,-0.6731295,-0.33237264,9.548976
1.519112421E0,0.27488115,-0.010180783,9.73223
1.524158931E0,1.1552196,0.043118615,9.723248
1.529205390E0,0.11677958,-0.24074559,9.6573715
1.534251848E0,-0.6779204,-0.38028222,9.619643
1.539298306E0,0.27967212,-0.03413557,9.755587
1.544344765E0,1.1606094,0.047909573,9.741813
1.549391275E0,0.11677958,-0.22637272,9.675937
1.554437733E0,-0.6443837,-0.3275817,9.563349
1.559484192E0,0.24613541,-0.024553655,9.737021
1.564530598E0,1.1654003,0.057491485,9.741813
1.569576952E0,0.11198862,-0.25990942,9.713666
1.574623306E0,-0.67732155,-0.38028222,9.581914
1.579669713E0,0.25571734,-0.024553655,9.73223
1.584716067E0,1.1654003,0.057491485,9.737021
1.589762421E0,0.13115245,-0.20241794,9.685518
1.594808827E0,-0.7060673,-0.36111838,9.600479
1.599855181E0,0.24613541,-0.029344613,9.765168
1.604901535E0,1.1654003,0.07186436,9.750795
1.609947942E0,0.15989819,-0.22637272,9.675937
1.614994296E0,-0.66294867,-0.33237264,9.563349
1.620040650E0,0.21738967,-0.024553655,9.72744
1.625087056E0,1.1749822,0.062282443,9.684919
1.630133410E0,0.17007898,-0.24553655,9.675937
1.635179765E0,-0.67732155,-0.37549126,9.577124
1.640226171E0,0.21798855,-0.043717485,9.737021
1.645272525E0,1.1654003,0.0670734,9.694502
1.650318879E0,0.20840663,-0.23595464,9.656773
1.655365285E0,-0.6725306,-0.3371636,9.586705
1.660411640E0,0.20361568,-0.019163828,9.741214
1.665457994E0,1.1414455,0.105401054,9.666355
1.670504400E0,0.20840663,-0.19762698,9.64779
1.675550754E0,-0.69169444,-0.3174009,9.577124
1.680597108E0,0.18924281,-0.06288131,9.760377
1.685643515E0,1.1414455,0.07186436,9.72744
1.690689869E0,0.20361568,-0.24553655,9.671145
1.695736223E0,-0.6964854,-0.34674552,9.529813
1.700782629E0,0.15570611,-0.0335367,9.684919
1.705828983E0,1.1228806,0.08623723,9.760377
1.710875338E0,0.24194333,-0.22637272,9.722649
1.715921744E0,-0.65336674,-0.34614664,9.548976
1.720968098E0,0.17007898,-0.06767227,9.689711
1.726014452E0,1.1420444,0.08144627,9.722649
1.731060858E0,0.2563162,-0.20181906,9.689711
1.736107213E0,-0.6581577,-0.27907324,9.562751
1.741153567E0,0.16528802,-0.047909573,9.736423
1.746199973E0,1.1276715,0.07186436,9.713067
1.751246327E0,0.2658981,-0.24074559,9.72744
1.756292681E0,-0.6671408,-0.2838642,9.544186
1.761339088E0,0.14612418,-0.06767227,9.736423
1.766385442E0,1.1276715,0.062282443,9.703485
1.771431848E0,0.24673429,-0.2503275,9.717857
1.776478202E0,-0.6767227,-0.32219186,9.562751
1.781524556E0,0.11737845,-0.07246323,9.746004
1.786570963E0,1.1276715,0.091627054,9.689711
1.791617317E0,0.27548003,-0.20661002,9.703485
1.796663671E0,-0.6863046,-0.30781898,9.548976
1.801710077E0,0.11318636,-0.057491485,9.764569
1.806756431E0,1.079762,0.110790886,9.750795
1.811802785E0,0.27548003,-0.2209829,9.731631
1.816849192E0,-0.6671408,-0.28865516,9.544186
1.821895546E0,0.11318636,-0.062282443,9.741214
1.826941900E0,1.1037167,0.10120897,9.722649
1.831988306E0,0.30422577,-0.21619193,9.698693
1.837034660E0,-0.6671408,-0.2982371,9.562751
1.842081015E0,0.06527679,-0.07186436,9.713067
1.847127421E0,1.1085078,0.09641801,9.670547
1.852173775E0,0.32398847,-0.2305648,9.693903
1.857220129E0,-0.68151367,-0.31260994,9.534603
1.862266535E0,0.08444062,-0.07665531,9.708276
1.867312890E0,1.0893439,0.120372795,9.698693
1.872359244E0,0.32877943,-0.20181906,9.698693
1.877405650E0,-0.643186,-0.29344612,9.539394
1.882452004E0,0.07006775,-0.028745743,9.684919
1.887498358E0,1.0899427,0.120372795,9.689711
1.892544765E0,0.3335704,-0.24014673,9.750196
1.897591119E0,-0.68151367,-0.32219186,9.562751
1.902637473E0,0.05090392,-0.07186436,9.713067
1.907683879E0,1.065988,0.120372795,9.693903
1.912730233E0,0.376689,-0.2305648,9.72205
1.917776588E0,-0.6527679,-0.2982371,9.543587
1.922822994E0,0.060485832,-0.062282443,9.726841
1.927869348E0,1.070779,0.091627054,9.717258
1.932915702E0,0.37189806,-0.22577386,9.759778
1.937962108E0,-0.6425871,-0.30302805,9.548377
1.943008463E0,0.032338962,-0.047909573,9.731631
1.948054817E0,1.0516151,0.13474567,9.651982
1.953101223E0,0.40543476,-0.24493769,9.713067
1.958147577E0,-0.65216905,-0.26889247,9.543587
1.963193931E0,-0.010779654,-0.09102818,9.764569
1.968240338E0,1.0851518,0.12516375,9.736423
1.973286692E0,0.41501665,-0.21619193,9.703485
1.978333046E0,-0.661751,-0.29344612,9.538795
1.983379452E0,0.013175132,-0.09102818,9.750196
1.988425806E0,1.0755699,0.11558184,9.72205
1.993472160E0,0.41501665,-0.2641015,9.736423
1.998518567E0,-0.62821424,-0.29344612,9.548377
2.003564921E0,-0.010779654,-0.052700527,9.740615
2.008611275E0,1.0516151,0.13474567,9.693903
2.013657681E0,0.42938954,-0.22577386,9.745405
2.018704035E0,-0.6042595,-0.30302805,9.548377
2.023750390E0,-0.010779654,-0.09102818,9.736423
2.028796796E0,1.0468241,0.11558184,9.689112
2.033843150E0,0.45813528,-0.24014673,9.72205
2.038889504E0,-0.63779616,-0.29284725,9.55796
2.043935910E0,-0.039525397,-0.1006101,9.745405
2.048982265E0,1.0522139,0.11558184,9.67953
2.054028619E0,0.47250813,-0.20181906,9.740615
2.059075025E0,-0.63779616,-0.28805628,9.525022
2.064121379E0,-0.010779654,-0.09102818,9.735824
2.069167785E0,1.047423,0.14492646,9.754988
2.074214244E0,0.473107,-0.20181906,9.735824
2.079260650E0,-0.6234233,-0.26889247,9.538795
2.084307108E0,-0.07306209,-0.13893776,9.750196
2.089353515E0,1.0282592,0.10120897,9.651383
2.094399973E0,0.46831605,-0.20181906,9.717258
2.099446379E0,-0.6186323,-0.28805628,9.562152
2.104492838E0,-0.058090355,-0.105401054,9.740615
2.109539244E0,1.0043044,0.1497174,9.698693
2.114585702E0,0.5114347,-0.2305648,9.669948
2.119632108E0,-0.63240635,-0.25931054,9.524423
2.124678567E0,-0.110790886,-0.11498297,9.759179
2.129724973E0,1.0282592,0.10120897,9.67953
2.134771431E0,0.5066437,-0.21619193,9.698095
2.139817838E0,-0.6036606,-0.28326535,9.543587
2.144864244E0,-0.09641801,-0.1006101,9.712468
2.149910702E0,1.0043044,0.10120897,9.67953
2.154957108E0,0.5114347,-0.20181906,9.717258
2.160003567E0,-0.61803347,-0.24972863,9.566942
2.165049973E0,-0.10120897,-0.095819145,9.778343
2.170096431E0,1.0138863,0.11618071,9.702886
2.175142838E0,0.5545533,-0.23535576,9.707677
2.180189296E0,-0.59407866,-0.25451958,9.534004
2.185235702E0,-0.120372795,-0.110192016,9.693304
2.190282160E0,0.9707677,0.10180784,9.712468
2.195328567E0,0.5641352,-0.24972863,9.740615
2.200375025E0,-0.5988696,-0.29284725,9.519631
2.205421431E0,-0.14432758,-0.1676835,9.754389
2.210467890E0,1.0001123,0.0868361,9.726242
2.215514296E0,0.56892616,-0.2209829,9.726242
2.220560754E0,-0.5988696,-0.30242917,9.534004
2.225607160E0,-0.17786428,-0.15331063,9.721451
2.230653619E0,0.98094845,0.120971665,9.67953
2.235700025E0,0.58329904,-0.20601116,9.702886
2.240746483E0,-0.5892877,-0.27368343,9.575926
2.245792890E0,-0.15810159,-0.1341468,9.721451
2.250839348E0,0.9905304,0.120971665,9.651383
2.255885754E0,0.5737171,-0.19642924,9.773553
2.260932160E0,-0.58449674,-0.28326535,9.604073
2.265978619E0,-0.18684733,-0.15331063,9.726242
2.271025025E0,0.9857394,0.120971665,9.665157
2.276071483E0,0.6168357,-0.1772654,9.731032
2.281117890E0,-0.56533295,-0.2784744,9.599281
2.286164348E0,-0.1676835,-0.13893776,9.702886
2.291210754E0,0.98094845,0.092225924,9.660366
2.296257213E0,0.64618033,-0.21080211,9.759179
2.301303619E0,-0.5701239,-0.28326535,9.599281
2.306350077E0,-0.1676835,-0.14851967,9.711869
2.311396483E0,0.96657556,0.11138975,9.669948
2.316442942E0,0.6222255,-0.1676835,9.711869
2.321489348E0,-0.5838979,-0.25451958,9.571135
2.326535806E0,-0.2012202,-0.14851967,9.698095
2.331582213E0,0.9474118,0.11138975,9.693304
2.336628671E0,0.6509713,-0.16289254,9.749598
2.341675077E0,-0.5551522,-0.28326535,9.599281
2.346721535E0,-0.21080211,-0.1341468,9.731032
2.351767942E0,0.96178466,0.07306209,9.646592
2.356814400E0,0.67013514,-0.22038403,9.711869
2.361860806E0,-0.5599431,-0.30242917,9.59449
2.366907265E0,-0.23954785,-0.15810159,9.698095
2.371953671E0,0.9905304,0.092225924,9.6507845
2.377000077E0,0.6892989,-0.18684733,9.711869
2.382046535E0,-0.5503612,-0.30242917,9.571135
2.387092942E0,-0.22038403,-0.15810159,9.731032
2.392139400E0,0.9384287,0.08743497,9.683722
2.397185806E0,0.69888085,-0.16289254,9.707078
2.402232265E0,-0.53119737,-0.2976382,9.575926
2.407278671E0,-0.26769474,-0.15810159,9.731032
2.412325129E0,0.9623835,0.09701688,9.632219
2.417371535E0,0.7084628,-0.1676835,9.754389
2.422417994E0,-0.5599431,-0.3311749,9.5849085
2.427464400E0,-0.22936708,-0.1676835,9.730433
2.432510858E0,0.9911292,0.07306209,9.678931
2.437557265E0,0.73720855,-0.15810159,9.758581
2.442603723E0,-0.53119737,-0.31680202,9.608863
2.447650129E0,-0.29164952,-0.18205637,9.698095
2.452696588E0,0.9480106,0.07306209,9.669349
2.457742994E0,0.7324176,-0.12875697,9.707078
2.462789452E0,-0.5264064,-0.3120111,9.608264
2.467835858E0,-0.29164952,-0.17247446,9.688513
2.472882317E0,0.95759255,0.07306209,9.660366
2.477928723E0,0.7467904,-0.1676835,9.772954
2.482975181E0,-0.5120335,-0.3311749,9.608264
2.488021588E0,-0.26290378,-0.18684733,9.711869
2.493068046E0,0.93363774,0.06348018,9.693304
2.498114452E0,0.7515814,-0.15271176,9.71666
2.503160858E0,-0.51981884,-0.34195456,9.572332
2.508207317E0,-0.32818055,-0.17846315,9.699292
2.513253723E0,0.94501626,0.0670734,9.661564
2.518300181E0,0.76775086,-0.13474567,9.737021
2.523346588E0,-0.50544596,-0.35153648,9.591496
2.528393046E0,-0.32818055,-0.14911854,9.717857
2.533439452E0,0.9114796,0.062282443,9.689711
2.538485910E0,0.7869147,-0.13953662,9.755587
2.543532317E0,-0.5150279,-0.30841786,9.581914
2.548578775E0,-0.34255344,-0.15929933,9.680728
2.553625181E0,0.9402253,0.057491485,9.666355
2.558671640E0,0.78212374,-0.14432758,9.788525
2.563717838E0,-0.5341917,-0.34674552,9.619643
2.568763879E0,-0.37609014,-0.11558184,9.694502
2.573809921E0,0.9498072,0.057491485,9.699292
2.578855963E0,0.8012876,-0.13474567,9.765168
2.583902004E0,-0.48149118,-0.35632744,9.619643
2.588948046E0,-0.35213536,-0.14911854,9.713666
2.593994088E0,0.9545982,0.047909573,9.628626
2.599040129E0,0.8444062,-0.11558184,9.73223
2.604086171E0,-0.4910731,-0.31799978,9.60527
2.609132213E0,-0.38567203,-0.16888124,9.666355
2.614178254E0,0.90668863,0.028745743,9.708875
2.619224296E0,0.8204514,-0.06288131,9.73223
2.624270338E0,-0.49586406,-0.3275817,9.6244335
2.629316379E0,-0.39525396,-0.16409028,9.699292
2.634362421E0,0.91627055,0.023954786,9.699292
2.639408463E0,0.84919715,-0.08204514,9.807089
2.644454556E0,-0.5150279,-0.3371636,9.628626
2.649500598E0,-0.390463,-0.15870045,9.680728
2.654546640E0,0.8971067,0.023954786,9.675937
2.659592681E0,0.83482426,-0.091627054,9.72744
2.664638723E0,-0.48628214,-0.3707003,9.614852
2.669684765E0,-0.43358162,-0.19762698,9.704083
2.674730806E0,0.90668863,0.023954786,9.675937
2.679776848E0,0.86357003,-0.06767227,9.741813
2.684822890E0,-0.47670022,-0.34674552,9.633417
2.689868931E0,-0.41920874,-0.13953662,9.689711
2.694914973E0,0.91627055,0.0335367,9.652581
2.699961015E0,0.84919715,-0.07725418,9.746603
2.705007056E0,-0.46711832,-0.3275817,9.64779
2.710053098E0,-0.43837258,-0.15390949,9.699292
2.715099140E0,0.90668863,0.0335367,9.685518
2.720145181E0,0.87315196,-0.07246323,9.755587
2.725191275E0,-0.46711832,-0.35632744,9.6244335
2.730237317E0,-0.46711832,-0.120372795,9.689711
2.735283358E0,0.93064344,0.028745743,9.680728
2.740329400E0,0.868361,-0.07246323,9.746004
2.745375442E0,-0.45274544,-0.3707003,9.586705
2.750421483E0,-0.4575364,-0.12995471,9.685518
2.755467525E0,0.8971067,0.009581914,9.656773
2.760513567E0,0.8971067,-0.08204514,9.713666
2.765559608E0,-0.49586406,-0.35153648,9.610061
2.770605650E0,-0.48149118,-0.14911854,9.652581
2.775651692E0,0.89231575,0.023954786,9.699292
2.780697733E0,0.9210615,-0.091627054,9.741813
2.785743775E0,-0.44316354,-0.37549126,9.638208
2.790789817E0,-0.50005615,-0.12995471,9.64779
2.795835858E0,0.9114796,0.028745743,9.64779
2.800881900E0,0.9114796,-0.038926527,9.741813
2.805927942E0,-0.4239997,-0.34674552,9.656773
2.810974035E0,-0.50005615,-0.16349141,9.675937
2.816020077E0,0.8971067,0.019163828,9.685518
2.821066119E0,0.9210615,-0.04850844,9.746004
2.826112160E0,-0.44795448,-0.35153648,9.619643
2.831158202E0,-0.5096381,-0.1736722,9.661564
2.836204244E0,0.87315196,-0.0,9.64779
2.841250285E0,0.9114796,-0.014971741,9.750795
2.846296327E0,-0.45274544,-0.36111838,9.671145
2.851342369E0,-0.51442903,-0.14432758,9.652581
2.856388410E0,0.868361,-0.009581914,9.661564
2.861434452E0,0.93543434,-0.019762699,9.741813
2.866480494E0,-0.43837258,-0.33237264,9.638208
2.871526535E0,-0.5288019,-0.13474567,9.628626
2.876572577E0,0.8827338,0.014372871,9.675937
2.881618619E0,0.9258525,-0.019762699,9.741813
2.886664660E0,-0.42879066,-0.3707003,9.642999
2.891710754E0,-0.5479657,-0.13474567,9.64779
2.896756796E0,0.89231575,0.043118615,9.680728
2.901802838E0,0.95938915,-0.009581914,9.73223
2.906848879E0,-0.40483588,-0.34195456,9.666355
2.911894921E0,-0.5767115,-0.15870045,9.671145
2.916940963E0,0.84919715,0.019163828,9.661564
2.921987004E0,0.94501626,-0.004790957,9.765168
2.927033046E0,-0.4239997,-0.38986415,9.633417
2.932079088E0,-0.5575476,-0.16349141,9.689711
2.937125129E0,0.868361,0.004790957,9.661564
2.942171171E0,0.98334396,-0.014372871,9.72744
2.947217213E0,-0.390463,-0.3707003,9.628626
2.952263254E0,-0.5575476,-0.18325411,9.64779
2.957309296E0,0.8587791,-0.0,9.689711
2.962355338E0,0.97376204,0.009581914,9.755587
2.967401379E0,-0.41441777,-0.36590934,9.633417
2.972447473E0,-0.5719205,-0.15870045,9.64779
2.977493515E0,0.89231575,0.009581914,9.671145
2.982539556E0,0.98334396,0.014372871,9.746004
2.987585598E0,-0.3808811,-0.35632744,9.595688
2.992631640E0,-0.61024815,-0.18325411,9.633417
2.997677681E0,0.8593779,-0.0,9.642999
3.002723723E0,0.9881349,0.009581914,9.783733
3.007769765E0,-0.37129918,-0.36590934,9.684919
3.012815806E0,-0.61024815,-0.16349141,9.680728
3.017861848E0,0.868361,0.019163828,9.684919
3.022907890E0,1.0025078,-0.0,9.713666
3.027953931E0,-0.38567203,-0.36590934,9.600479
3.032999973E0,-0.6389939,-0.20241794,9.689711
3.038046015E0,0.86895984,0.014372871,9.680728
3.043092056E0,1.0120897,-0.004790957,9.760377
3.048138098E0,-0.38567203,-0.3707003,9.633417
3.053184192E0,-0.629412,-0.20241794,9.642999
3.058230233E0,0.849796,0.028745743,9.675937
3.063276275E0,1.0264626,0.043118615,9.793315
3.068322317E0,-0.37609014,-0.35632744,9.6244335
3.073368410E0,-0.66294867,-0.16349141,9.652581
3.078414504E0,0.82584125,0.023954786,9.704083
3.083460598E0,1.0025078,0.052700527,9.750795
3.088506640E0,-0.36650822,-0.33237264,9.591496
3.093552733E0,-0.6725306,-0.20720889,9.619643
3.098598827E0,0.8402141,0.014372871,9.6244335
3.103644869E0,1.0168806,0.0335367,9.717857
3.108690963E0,-0.3808811,-0.36590934,9.614852
3.113737056E0,-0.6677396,-0.18804507,9.642999
3.118783150E0,0.7970955,0.023954786,9.671145
3.123829192E0,1.0360445,0.019163828,9.755587
3.128875285E0,-0.3233896,-0.31260994,9.595688
3.133921379E0,-0.64857584,-0.21679081,9.656773
3.138967421E0,0.82584125,0.028745743,9.694502
3.144013515E0,1.0456264,0.052700527,9.769959
3.149059608E0,-0.35213536,-0.3174009,9.60527
3.154105702E0,-0.67732155,-0.2503275,9.675937
3.159151744E0,0.7923045,0.0335367,9.656773
3.164197838E0,1.0264626,0.057491485,9.741813
3.169243931E0,-0.34255344,-0.35153648,9.652581
3.174289973E0,-0.6869035,-0.22637272,9.633417
3.179336067E0,0.76834977,0.028745743,9.671145
3.184382160E0,1.0456264,0.057491485,9.72744
3.189428254E0,-0.35213536,-0.34674552,9.600479
3.194474296E0,-0.6821125,-0.22637272,9.661564
3.199520390E0,0.77793163,0.019163828,9.64779
3.204566483E0,1.0695812,0.019163828,9.769959
3.209612525E0,-0.3473444,-0.3371636,9.628626
3.214658619E0,-0.6821125,-0.21679081,9.619643
3.219704713E0,0.75876784,0.07186436,9.689711
3.224750806E0,1.0504173,0.023954786,9.765168
3.229796848E0,-0.3138077,-0.33237264,9.595688
3.234842942E0,-0.70127636,-0.20720889,9.671145
3.239889035E0,0.7635588,0.052700527,9.694502
3.244935077E0,1.0791631,0.009581914,9.737021
3.249981171E0,-0.30901673,-0.3275817,9.623835
3.255027265E0,-0.6821125,-0.23116368,9.671145
3.260073358E0,0.7539769,0.028745743,9.680728
3.265119400E0,1.1031178,0.038327657,9.741813
3.270165494E0,-0.27548003,-0.3174009,9.581914
3.275211588E0,-0.6821125,-0.2503275,9.666355
3.280257629E0,0.77793163,0.052700527,9.666355
3.285303723E0,1.1174908,0.038327657,9.717857
3.290349817E0,-0.30901673,-0.32219186,9.638208
3.295395910E0,-0.7108583,-0.25990942,9.638208
3.300441952E0,0.74439496,0.028745743,9.666355
3.305488046E0,1.1126997,0.038327657,9.741813
3.310534140E0,-0.31859866,-0.31260994,9.64779
3.315580181E0,-0.7060673,-0.28865516,9.633417
3.320626275E0,0.7491859,0.028745743,9.666355
3.325672369E0,1.1079088,-0.0,9.778942
3.330718463E0,-0.28506196,-0.33237264,9.628626
3.335764504E0,-0.74439496,-0.25990942,9.661564
3.340810598E0,0.72044015,0.0670734,9.661564
3.345856692E0,1.1414455,0.023954786,9.741214
3.350902733E0,-0.24673429,-0.2742823,9.633417
3.355948827E0,-0.7060673,-0.25511846,9.638208
3.360994921E0,0.7060673,0.062282443,9.689711
3.366041015E0,1.1318636,0.004790957,9.73223
3.371087056E0,-0.27548003,-0.2742823,9.595688
3.376133150E0,-0.7300221,-0.27907324,9.671145
3.381179244E0,0.65336674,0.014372871,9.671145
3.386225285E0,1.1366546,0.004790957,9.765168
3.391271379E0,-0.280271,-0.32698283,9.651982
3.396317473E0,-0.739604,-0.30302805,9.666355
3.401363567E0,0.6725306,0.07665531,9.680728
3.406409608E0,1.1414455,0.043118615,9.765168
3.411455702E0,-0.22757046,-0.2982371,9.623835
3.416501796E0,-0.73481303,-0.30781898,9.64779
3.421547838E0,0.6437849,0.038327657,9.699292
3.426593931E0,1.1749822,0.023954786,9.769959
3.431640025E0,-0.19882472,-0.32698283,9.60527
3.436686119E0,-0.74439496,-0.30781898,9.675937
3.441732160E0,0.629412,0.057491485,9.684919
3.446778254E0,1.1701913,0.028745743,9.704083
3.451824348E0,-0.22757046,-0.31260994,9.595688
3.456870390E0,-0.72044015,-0.3174009,9.651982
3.461916483E0,0.6150391,0.047909573,9.73223
3.466962577E0,1.1510274,0.009581914,9.774151
3.472008671E0,-0.20361568,-0.2982371,9.600479
3.477054713E0,-0.74439496,-0.27907324,9.633417
3.482100806E0,0.61024815,0.047909573,9.722649
3.487146900E0,1.1845641,-0.009581914,9.778942
3.492192942E0,-0.23236142,-0.2838642,9.633417
3.497239035E0,-0.739604,-0.30781898,9.64779
3.502285129E0,0.59407866,0.03293783,9.704682
3.507331223E0,1.1779766,0.042519744,9.756186
3.512377265E0,-0.20002246,-0.27488115,9.620242
3.517423358E0,-0.73660964,-0.294045,9.643598
3.522469452E0,0.5892877,0.023355916,9.723846
3.527515494E0,1.1779766,0.018564958,9.742412
3.532561588E0,-0.1952315,-0.23176254,9.634615
3.537607681E0,-0.7270277,-0.3233896,9.638806
3.542653775E0,0.5749149,0.0041920873,9.686117
3.547699817E0,1.1779766,-5.9886964E-4,9.742412
3.552745910E0,-0.18085863,-0.25092638,9.620242
3.557792004E0,-0.7270277,-0.32818055,9.629824
3.562838046E0,0.5701239,0.03293783,9.704682
3.567884244E0,1.2163042,0.03293783,9.760976
3.572930442E0,-0.4539432,-0.294045,9.104016
3.577976640E0,0.44076806,-0.17906202,10.084965
3.583022838E0,-0.44915223,-0.25092638,9.996332
3.588069035E0,1.3744059,0.052101657,9.728638
3.593115233E0,-0.16229367,-0.27488115,9.413631
3.598161431E0,-0.28146872,-0.20780776,9.390276
3.603207577E0,0.20661002,-0.13534454,9.756784
3.608253775E0,0.85279036,-0.06348018,9.892728
3.613299973E0,0.20181906,-0.12576263,9.728638
3.618346171E0,-0.39166075,-0.30901673,9.592095
3.623392369E0,0.13953662,-0.15989819,9.686117
3.628438567E0,0.8192537,-0.08264401,9.714264
3.633484765E0,0.34554777,-0.04910731,9.65318
3.638530963E0,-0.31979638,-0.26529926,9.568739
3.643577160E0,0.005389827,-0.18864393,9.681327
3.648623306E0,0.73301643,-0.120971665,9.826852
3.653669504E0,0.36411273,-0.07306209,9.756784
3.658715702E0,-0.26290378,-0.2605083,9.545383
3.663761900E0,-0.0041920873,-0.19822586,9.563948
3.668808098E0,0.6946888,-0.09701688,9.798705
3.673854296E0,0.4024404,-0.04910731,9.765767
3.678900494E0,-0.15750271,-0.2700902,9.6112585
3.683946692E0,-0.047310703,-0.23176254,9.662762
3.688992890E0,0.6467792,-0.120971665,9.714264
3.694039035E0,0.41681325,-0.0059886966,9.70049
3.699085233E0,-0.0808474,-0.2605083,9.587304
3.704131431E0,-0.07126549,-0.21259873,9.65797
3.709177629E0,0.59407866,-0.11618071,9.681327
3.714223827E0,0.45034996,-0.029943481,9.719055
3.719270025E0,-0.042519744,-0.25571734,9.596886
3.724316223E0,-0.09042931,-0.2269716,9.65797
3.729362421E0,0.57970583,-0.120971665,9.775349
3.734408619E0,0.45034996,0.013774002,9.714264
3.739454765E0,-0.06647453,-0.28446308,9.568739
3.744500963E0,-0.1479208,-0.21259873,9.662762
3.749547160E0,0.59407866,-0.07306209,9.733428
3.754593358E0,0.44076806,-0.025152525,9.709474
3.759639556E0,-0.03293783,-0.27967212,9.522027
3.764685754E0,-0.07126549,-0.2030168,9.596886
3.769731952E0,0.5317962,-0.11618071,9.8226595
3.774778150E0,0.48867762,-0.03473444,9.751993
3.779824296E0,-0.07126549,-0.30422577,9.606468
3.784870494E0,-0.119175054,-0.21259873,9.705281
3.789916692E0,0.6036606,-0.08264401,9.667553
3.794962890E0,0.49346858,-0.015570611,9.719055
3.800009088E0,-0.061683573,-0.2605083,9.587903
3.805055285E0,-0.123966016,-0.1934349,9.639405
3.810101483E0,0.560542,-0.058689225,9.723846
3.815147681E0,0.5222143,-0.010779654,9.784931
3.820193879E0,-0.037728786,-0.2605083,9.596886
3.825240025E0,-0.104802184,-0.2030168,9.634615
3.830286223E0,0.5749149,-0.06348018,9.690908
3.835332421E0,0.49825954,-0.03473444,9.733428
3.840378619E0,-0.07126549,-0.29464385,9.563948
3.845424817E0,-0.1479208,-0.21738967,9.625032
3.850471015E0,0.61803347,-0.077853054,9.70049
3.855517213E0,0.5317962,-0.04910731,9.728638
3.860563410E0,-0.07126549,-0.26529926,9.53161
3.865609608E0,-0.15271176,-0.19822586,9.681327
3.870655754E0,0.57970583,-0.053898267,9.714264
3.875701952E0,0.5030505,-0.010779654,9.766366
3.880748150E0,-0.07605644,-0.28506196,9.596886
3.885794348E0,-0.13833888,-0.21259873,9.6441965
3.890840546E0,0.58449674,-0.06348018,9.6771345
3.895886744E0,0.49825954,-0.025152525,9.761575
3.900932942E0,-0.0808474,-0.27548003,9.587903
3.905979140E0,-0.17187558,-0.16468915,9.690908
3.911025338E0,0.5982708,-0.08743497,9.738219
3.916071483E0,0.5222143,-0.03473444,9.7897215
3.921117681E0,-0.07126549,-0.28985292,9.554965
3.926163879E0,-0.15271176,-0.17906202,9.705281
3.931210077E0,0.5934798,-0.053898267,9.705281
3.936256275E0,0.569525,-0.04910731,9.733428
3.941302473E0,-0.0670734,-0.29464385,9.550174
3.946348671E0,-0.16708463,-0.17427106,9.672343
3.951394869E0,0.58868885,-0.04431635,9.70049
3.956441067E0,0.5599431,-0.020361567,9.771157
3.961487213E0,-0.07186436,-0.28985292,9.564547
3.966533410E0,-0.16229367,-0.19822586,9.70049
3.971579608E0,0.58868885,-0.06827114,9.738219
3.976625806E0,0.5599431,-0.03473444,9.756784
3.981672004E0,-0.09102818,-0.2994348,9.540592
3.986718202E0,-0.21020325,-0.19822586,9.667553
3.991764400E0,0.569525,-0.053898267,9.690908
3.996810598E0,0.5503612,-0.04910731,9.78014
4.001856796E0,-0.062282443,-0.27548003,9.564547
4.006902942E0,-0.21020325,-0.1934349,9.672343
4.011949140E0,0.5551522,-0.04910731,9.7100725
4.016995338E0,0.5934798,-0.07306209,9.775349
4.022041535E0,-0.052700527,-0.27068907,9.5783205
4.027087733E0,-0.21559307,-0.18864393,9.714863
4.032133931E0,0.57431597,-0.04431635,9.719055
4.037180129E0,0.5934798,-0.058689225,9.775948
4.042226327E0,-0.07186436,-0.2563162,9.5783205
4.047272473E0,-0.22996594,-0.20780776,9.70049
4.052318671E0,0.6078527,-0.04431635,9.6957
4.057364869E0,0.5791069,-0.053898267,9.804095
4.062411067E0,-0.07665531,-0.28506196,9.53161
4.067457369E0,-0.24433881,-0.17906202,9.6957
4.072503619E0,0.5838979,-0.053898267,9.686716
4.077549869E0,0.5982708,-0.04910731,9.766366
4.082596119E0,-0.08144627,-0.26110715,9.564547
4.087642421E0,-0.23954785,-0.1934349,9.634615
4.092688671E0,0.569525,-0.015570611,9.681926
4.097734921E0,0.64138937,-0.058689225,9.771157
4.102781223E0,-0.105401054,-0.280271,9.540592
4.107827473E0,-0.22517498,-0.18864393,9.714863
4.112873723E0,0.5791069,-0.025152525,9.681926
4.117919973E0,0.6078527,-0.07306209,9.775948
4.122966275E0,-0.07665531,-0.27548003,9.559756
4.128012525E0,-0.23954785,-0.2030168,9.733428
4.133058775E0,0.569525,-0.04431635,9.714863
4.138105077E0,0.6174346,-0.08803384,9.799304
4.143151327E0,-0.052700527,-0.2563162,9.559756
4.148197577E0,-0.22038403,-0.2269716,9.690908
4.153243879E0,0.569525,-0.029943481,9.705281
4.158290129E0,0.63180745,-0.053898267,9.761575
4.163336379E0,-0.08144627,-0.2563162,9.526818
4.168382629E0,-0.25392073,-0.22218063,9.672343
4.173428931E0,0.56473404,-0.029943481,9.686716
4.178475181E0,0.64138937,-0.058689225,9.766366
4.183521431E0,-0.08144627,-0.2269716,9.583112
4.188567733E0,-0.2682936,-0.24194333,9.662762
4.193613983E0,0.5551522,-0.029943481,9.672343
4.198660233E0,0.65576226,-0.07306209,9.775948
4.203706483E0,-0.105401054,-0.24194333,9.587903
4.208752785E0,-0.28266647,-0.18864393,9.663361
4.213799035E0,0.5168245,-0.0059886966,9.6771345
4.218845285E0,0.6270165,-0.053898267,9.756784
4.223891588E0,-0.057491485,-0.22757046,9.554965
4.228937838E0,-0.2682936,-0.20780776,9.691507
4.233984088E0,0.5599431,-0.020361567,9.672343
4.239030338E0,0.6365984,-0.078451924,9.766366
4.244076640E0,-0.07186436,-0.21738967,9.526818
4.249122890E0,-0.29224837,-0.1934349,9.6957
4.254169140E0,0.53119737,-0.015570611,9.691507
4.259215442E0,0.6605532,-0.06887001,9.780739
4.264261692E0,-0.11498297,-0.2227795,9.583112
4.269307942E0,-0.28745744,-0.20780776,9.681926
4.274354192E0,0.53598833,-0.0011977393,9.681926
4.279400494E0,0.67971706,-0.058689225,9.794513
4.284446744E0,-0.119773924,-0.1934349,9.5364
4.289492994E0,-0.29703933,-0.20780776,9.686716
4.294539296E0,0.54557025,-0.010779654,9.663361
4.299585546E0,0.6839091,-0.06887001,9.752592
4.304631796E0,-0.057491485,-0.22757046,9.569338
4.309678046E0,-0.28745744,-0.18864393,9.6771345
4.314724348E0,0.50724256,0.008384175,9.658569
4.319770598E0,0.6839091,-0.06887001,9.8226595
4.324816848E0,-0.062282443,-0.21798855,9.545982
4.329863150E0,-0.28266647,-0.21319759,9.6771345
4.334909400E0,0.5503612,0.01796609,9.714863
4.339955650E0,0.6887001,-0.06887001,9.827451
4.345001900E0,-0.08144627,-0.22757046,9.574129
4.350048202E0,-0.29224837,-0.25152525,9.672343
4.355094452E0,0.5551522,-0.010779654,9.681926
4.360140702E0,0.69349104,-0.06407905,9.804095
4.365187004E0,-0.105401054,-0.2227795,9.541191
4.370233254E0,-0.3018303,-0.23236142,9.648988
4.375279504E0,0.5264064,0.027548004,9.663361
4.380325754E0,0.70307297,-0.06887001,9.78553
4.385372056E0,-0.105401054,-0.20361568,9.554965
4.390418306E0,-0.32099414,-0.19822586,9.686716
4.395464556E0,0.5024516,0.01796609,9.70049
4.400510858E0,0.7270277,-0.107197665,9.827451
4.405557108E0,-0.06767227,-0.23236142,9.592694
4.410603358E0,-0.3018303,-0.25152525,9.672343
4.415649608E0,0.52580756,-0.0059886966,9.686716
4.420695910E0,0.698282,-0.08803384,9.7897215
4.425742160E0,-0.09641801,-0.2227795,9.574129
4.430788410E0,-0.31620318,-0.23236142,9.719654
4.435834713E0,0.5114347,-0.0059886966,9.705281
4.440880963E0,0.7078639,-0.06407905,9.761575
4.445927213E0,-0.08204514,-0.17427106,9.550773
4.450973463E0,-0.29224837,-0.2658981,9.701089
4.456019765E0,0.51622564,0.0035932178,9.691507
4.461066015E0,0.7414006,-0.107197665,9.794513
4.466112265E0,-0.04850844,-0.21798855,9.574129
4.471158567E0,-0.31141222,-0.24194333,9.691507
4.476204817E0,0.49227083,0.008384175,9.658569
4.481251067E0,0.7414006,-0.078451924,9.808886
4.486297317E0,-0.07725418,-0.19882472,9.597485
4.491343619E0,-0.32578507,-0.25152525,9.6441965
4.496389869E0,0.5210166,0.01796609,9.663361
4.501436119E0,0.7378074,-0.06827114,9.836433
4.506482421E0,-0.109593146,-0.20780776,9.601677
4.511528671E0,-0.3293783,-0.22218063,9.686117
4.516574921E0,0.47430477,0.013774002,9.751993
4.521621223E0,0.7138526,-0.06827114,9.793914
4.526667473E0,-0.07126549,-0.18864393,9.625032
4.531713723E0,-0.3389602,-0.25092638,9.699891
4.536759973E0,0.50784147,-0.015570611,9.704682
4.541806275E0,0.76655316,-0.10180784,9.78014
4.546852525E0,-0.08563836,-0.15989819,9.5783205
4.551898775E0,-0.32458735,-0.2269716,9.634615
4.556945077E0,0.48388666,-5.9886964E-4,9.699891
4.561991275E0,0.72822547,-0.039525397,9.846016
4.567037525E0,-0.06647453,-0.1694801,9.615451
4.572083775E0,-0.35812405,-0.27488115,9.648389
4.577130025E0,0.4790957,-0.015570611,9.671744
4.582176275E0,0.75697124,-0.10180784,9.760976
4.587222525E0,-0.09042931,-0.18864393,9.61066
4.592268775E0,-0.34375116,-0.22218063,9.676536
4.597314973E0,0.47430477,-0.015570611,9.671744
4.602361223E0,0.78571695,-0.11618071,9.775349
4.607407473E0,-0.06647453,-0.1934349,9.582513
4.612453723E0,-0.33416927,-0.24613541,9.681327
4.617499973E0,0.45514092,0.013774002,9.690908
4.622546223E0,0.82404464,-0.08743497,9.798705
4.627592473E0,-0.061683573,-0.1934349,9.615451
4.632638723E0,-0.3389602,-0.2269716,9.690908
4.637684973E0,0.45514092,-0.015570611,9.681327
4.642731223E0,0.776135,-0.077853054,9.747202
4.647777473E0,-0.03293783,-0.1497174,9.587304
4.652823723E0,-0.34854212,-0.2365535,9.639405
4.657869973E0,0.45993188,-0.039525397,9.648389
4.662916223E0,0.776135,-0.10180784,9.770558
4.667962421E0,-0.06647453,-0.21259873,9.629824
4.673008671E0,-0.3533331,-0.25571734,9.667553
4.678054921E0,0.49346858,-0.039525397,9.686117
4.683101171E0,0.80967176,-0.08264401,9.756784
4.688147421E0,-0.037728786,-0.17906202,9.57353
4.693193671E0,-0.33416927,-0.2269716,9.667553
4.698239921E0,0.46472284,-0.025152525,9.699891
4.703286171E0,0.80008984,-0.06348018,9.798705
4.708332421E0,-0.056892615,-0.1934349,9.5783205
4.713378671E0,-0.34375116,-0.27488115,9.676536
4.718424921E0,0.43118614,-0.04910731,9.671744
4.723471171E0,0.780926,-0.08743497,9.756784
4.728517421E0,-0.042519744,-0.19822586,9.592095
4.733563619E0,-0.36770597,-0.25571734,9.643598
4.738609869E0,0.45034996,-0.029943481,9.704682
4.743656119E0,0.8192537,-0.10180784,9.765767
4.748702369E0,-0.047310703,-0.19822586,9.629824
4.753748619E0,-0.38207883,-0.2030168,9.639405
4.758794869E0,0.45034996,-0.015570611,9.671744
4.763841119E0,0.8144627,-0.11138975,9.765767
4.768887369E0,-0.013774002,-0.16468915,9.596886
4.773933619E0,-0.38207883,-0.1934349,9.65318
4.778979869E0,0.4359771,-0.06827114,9.704682
4.784026119E0,0.8048808,-0.10180784,9.789124
4.789072369E0,-0.028146872,-0.2030168,9.592095
4.794118619E0,-0.362915,-0.23176254,9.699891
4.799164869E0,0.41681325,-0.077853054,9.714264
4.804211067E0,0.7905079,-0.07306209,9.760976
4.809257317E0,5.9886964E-4,-0.16468915,9.57353
4.814303567E0,-0.34375116,-0.23176254,9.629824
4.819349817E0,0.3880675,-0.06348018,9.690908
4.824396067E0,0.8048808,-0.06348018,9.770558
4.829442317E0,5.9886964E-4,-0.1934349,9.582513
4.834488567E0,-0.36770597,-0.21259873,9.629824
4.839534817E0,0.39285848,-0.07306209,9.681327
4.844581067E0,0.8192537,-0.077853054,9.784931
4.849627317E0,0.029344613,-0.18385299,9.662762
4.854673567E0,-0.34854212,-0.2605083,9.629824
4.859719817E0,0.4024404,-0.092225924,9.662762
4.864766067E0,0.8048808,-0.09701688,9.813078
4.869812317E0,-0.0041920873,-0.18864393,9.587304
4.874858515E0,-0.36770597,-0.21738967,9.643598
4.879904765E0,0.42160422,-0.07306209,9.704682
4.884951015E0,0.8336265,-0.077853054,9.770558
4.889997265E0,0.024553655,-0.17427106,9.634615
4.895043515E0,-0.3724969,-0.2605083,9.634615
4.900089765E0,0.39764944,-0.08743497,9.676536
4.905136015E0,0.82883555,-0.053898267,9.765767
4.910182265E0,0.014971741,-0.18864393,9.625032
4.915228515E0,-0.37728786,-0.23176254,9.643598
4.920274765E0,0.39285848,-0.11618071,9.681327
4.925321015E0,0.8192537,-0.08743497,9.808287
4.930367265E0,0.04850844,-0.15989819,9.65318
4.935413515E0,-0.3724969,-0.2030168,9.634615
4.940459713E0,0.3647116,-0.09701688,9.671744
4.945505963E0,0.82883555,-0.04910731,9.760976
4.950552213E0,0.03413557,-0.1934349,9.65318
4.955598463E0,-0.3868698,-0.26529926,9.629824
4.960644713E0,0.37369466,-0.13534454,9.681327
4.965690963E0,0.8192537,-0.04910731,9.798705
4.970737213E0,0.06767227,-0.17906202,9.639405
4.975783463E0,-0.39166075,-0.21738967,9.662762
4.980829713E0,0.34554777,-0.12576263,9.709474
4.985875963E0,0.8144627,-0.058689225,9.765767
4.990922213E0,0.091627054,-0.1694801,9.648389
4.995968463E0,-0.36770597,-0.2269716,9.639405
5.001014713E0,0.35033873,-0.14492646,9.686117
5.006060963E0,0.8048808,-0.058689225,9.78014
5.011107160E0,0.043717485,-0.2030168,9.629824
5.016153410E0,-0.3964517,-0.2365535,9.601677
5.021199660E0,0.33596587,-0.18385299,9.723846
5.026245910E0,0.80008984,-0.06348018,9.765767
5.031292160E0,0.08204514,-0.16468915,9.634615
5.036338410E0,-0.36770597,-0.23176254,9.671744
5.041384660E0,0.33596587,-0.14492646,9.671744
5.046430910E0,0.80008984,-0.077853054,9.770558
5.051477160E0,0.12516375,-0.17906202,9.667553
5.056523410E0,-0.3868698,-0.19822586,9.606468
5.061569608E0,0.321593,-0.17906202,9.667553
5.066615858E0,0.80008984,-0.04431635,9.784931
5.071662108E0,0.091627054,-0.17906202,9.65318
5.076708358E0,-0.35812405,-0.22218063,9.596886
5.081754608E0,0.33596587,-0.15510723,9.70049
5.086800910E0,0.77134407,-0.04910731,9.78014
5.091847160E0,0.091627054,-0.1497174,9.620242
5.096893410E0,-0.362915,-0.17906202,9.634615
5.101939660E0,0.32638395,-0.18864393,9.723846
5.106985910E0,0.780926,-0.039525397,9.784931
5.112032160E0,0.13953662,-0.1934349,9.681327
5.117078410E0,-0.3724969,-0.20780776,9.65318
5.122124660E0,0.3120111,-0.17906202,9.686117
5.127170910E0,0.7952989,-0.06348018,9.775349
5.132217160E0,0.13474567,-0.1694801,9.639405
5.137263410E0,-0.38207883,-0.18864393,9.639405
5.142309660E0,0.2976382,-0.17427106,9.681327
5.147355910E0,0.80008984,-0.025152525,9.770558
5.152402160E0,0.120372795,-0.17427106,9.65797
5.157448410E0,-0.37728786,-0.2269716,9.620242
5.162494660E0,0.321593,-0.21738967,9.667553
5.167540963E0,0.7952989,-0.053898267,9.78014
5.172587213E0,0.12995471,-0.1694801,9.667553
5.177633463E0,-0.39166075,-0.20780776,9.648389
5.182679713E0,0.30722013,-0.2030168,9.709474
5.187725963E0,0.780926,-0.015570611,9.756784
5.192772213E0,0.12516375,-0.15510723,9.65318
5.197818463E0,-0.3533331,-0.17906202,9.639405
5.202864713E0,0.31680202,-0.17906202,9.714264
5.207910963E0,0.7617622,-0.020361567,9.775349
5.212957213E0,0.13474567,-0.1401355,9.681327
5.218003463E0,-0.3724969,-0.15989819,9.615451
5.223049713E0,0.2976382,-0.21738967,9.690908
5.228095963E0,0.75697124,-0.010779654,9.742412
5.233142213E0,0.16828237,-0.18864393,9.662762
5.238188463E0,-0.34375116,-0.2030168,9.65318
5.243234713E0,0.25931054,-0.21738967,9.714264
5.248280963E0,0.776135,-0.029943481,9.78014
5.253327265E0,0.21140099,-0.18385299,9.65318
5.258373515E0,-0.3533331,-0.2030168,9.592095
5.263419765E0,0.30722013,-0.23176254,9.704682
5.268466015E0,0.7905079,-0.025152525,9.73762
5.273512265E0,0.15870045,-0.14492646,9.634615
5.278558515E0,-0.34854212,-0.1934349,9.625032
5.283604765E0,0.2976382,-0.24613541,9.676536
5.288651015E0,0.780926,-0.025152525,9.747202
5.293697265E0,0.18744619,-0.1694801,9.65797
5.298743515E0,-0.36770597,-0.17427106,9.592095
5.303789765E0,0.25451958,-0.21259873,9.686117
5.308836015E0,0.7617622,0.008983045,9.732829
5.313882265E0,0.21140099,-0.1694801,9.667553
5.318928515E0,-0.34375116,-0.17906202,9.615451
5.323974765E0,0.23535576,-0.20780776,9.723846
5.329021015E0,0.7617622,-0.0059886966,9.765767
5.334067317E0,0.2305648,-0.12576263,9.65318
5.339113567E0,-0.32458735,-0.15989819,9.6112585
5.344159817E0,0.2305648,-0.21738967,9.676536
5.349206067E0,0.7234345,0.0041920873,9.765767
5.354252317E0,0.23535576,-0.13534454,9.690908
5.359298567E0,-0.3156043,-0.18864393,9.563948
5.364344817E0,0.22577386,-0.20780776,9.662762
5.369391067E0,0.6946888,0.013774002,9.7897215
5.374437317E0,0.22577386,-0.13055357,9.686117
5.379483567E0,-0.33416927,-0.15031628,9.596886
5.384529817E0,0.23535576,-0.19822586,9.6957
5.389576067E0,0.74259835,0.0041920873,9.728638
5.394622317E0,0.20181906,-0.15989819,9.629824
5.399668567E0,-0.33416927,-0.14492646,9.545383
5.404714817E0,0.21619193,-0.1934349,9.676536
5.409761067E0,0.7138526,0.023355916,9.770558
5.414807369E0,0.24493769,-0.12576263,9.662762
5.419853619E0,-0.30602238,-0.17427106,9.606468
5.424899869E0,0.20661002,-0.22218063,9.667553
5.429946119E0,0.7138526,-0.015570611,9.728638
5.434992369E0,0.26889247,-0.13534454,9.648389
5.440038619E0,-0.31081334,-0.1934349,9.596886
5.445084869E0,0.18265525,-0.2269716,9.681327
5.450131119E0,0.7042707,0.013774002,9.803496
5.455177369E0,0.26889247,-0.11618071,9.667553
5.460223619E0,-0.32518622,-0.15989819,9.559157
5.465269869E0,0.16828237,-0.1934349,9.690908
5.470316119E0,0.72822547,0.0041920873,9.714264
5.475362369E0,0.25931054,-0.09701688,9.634615
5.480408619E0,-0.27727664,-0.17427106,9.606468
5.485454869E0,0.17307332,-0.2269716,9.662762
5.490501119E0,0.68989784,0.013774002,9.747202
5.495547421E0,0.27368343,-0.08743497,9.690908
5.500593671E0,-0.27188683,-0.18864393,9.625032
5.505639921E0,0.18265525,-0.20780776,9.676536
5.510686171E0,0.6946888,-0.010180783,9.775349
5.515732421E0,0.2641015,-0.11138975,9.686117
5.520778671E0,-0.27667776,-0.1934349,9.582513
5.525824921E0,0.17786428,-0.21738967,9.695101
5.530871171E0,0.6946888,-0.03473444,9.760976
5.535917421E0,0.31680202,-0.17427106,9.65318
5.540963671E0,-0.28146872,-0.2030168,9.601677
5.546009921E0,0.13953662,-0.21259873,9.65318
5.551056171E0,0.68989784,-0.025152525,9.747202
5.556102421E0,0.27368343,-0.11138975,9.699891
5.561148671E0,-0.2958416,-0.15929933,9.605869
5.566195129E0,0.15390949,-0.21259873,9.676536
5.571241535E0,0.7090616,-0.04910731,9.760976
5.576287942E0,0.321593,-0.11618071,9.676536
5.581334348E0,-0.23835011,-0.14492646,9.57353
5.586380806E0,0.14911854,-0.23176254,9.634615
5.591427213E0,0.6946888,-0.058689225,9.699891
5.596473619E0,0.29284725,-0.08264401,9.671744
5.601520025E0,-0.23835011,-0.18864393,9.592095
5.606566483E0,0.110790886,-0.19822586,9.671744
5.611612890E0,0.66115206,-0.07306209,9.728039
5.616659296E0,0.2976382,-0.11618071,9.686117
5.621705754E0,-0.2623049,-0.17906202,9.587304
5.626752160E0,0.120372795,-0.20780776,9.671744
5.631798567E0,0.6419883,-0.010180783,9.770558
5.636844973E0,0.2976382,-0.077853054,9.666954
5.641891431E0,-0.24314107,-0.16409028,9.620242
5.646937838E0,0.0868361,-0.1736722,9.65797
5.651984244E0,0.65157014,-0.04431635,9.732829
5.657030650E0,0.321593,-0.06348018,9.704682
5.662077108E0,-0.2287682,-0.16888124,9.620242
5.667123515E0,0.06767227,-0.18385299,9.643598
5.672169921E0,0.62282443,-0.014971741,9.732829
5.677216327E0,0.30242917,-0.06348018,9.681327
5.682262785E0,-0.23355916,-0.2030168,9.582513
5.687309192E0,0.0868361,-0.22218063,9.648389
5.692355598E0,0.63240635,-0.039525397,9.760976
5.697402056E0,0.33596587,-0.077853054,9.695101
5.702448463E0,-0.21439533,-0.2030168,9.620242
5.707494869E0,0.0868361,-0.21738967,9.690908
5.712541275E0,0.66115206,-0.053898267,9.747202
5.717587733E0,0.32638395,-0.058689225,9.709474
5.722634140E0,-0.20002246,-0.17906202,9.625032
5.727680546E0,0.091627054,-0.20780776,9.666954
5.732726952E0,0.665943,-0.039525397,9.728039
5.737773410E0,0.37908447,-0.077853054,9.638806
5.742819817E0,-0.20960437,-0.21738967,9.554366
5.747866223E0,0.0868361,-0.16888124,9.662762
5.752912629E0,0.665943,-0.09701688,9.732829
5.757959088E0,0.3551297,-0.092225924,9.699891
5.763005494E0,-0.20002246,-0.2269716,9.587304
5.768051900E0,0.029344613,-0.22218063,9.671744
5.773098306E0,0.670734,-0.058689225,9.714264
5.778144765E0,0.3647116,-0.053898267,9.662762
5.783191171E0,-0.20960437,-0.2269716,9.605869
5.788237577E0,0.029344613,-0.22218063,9.695101
5.793284035E0,0.6419883,-0.06348018,9.747202
5.798330442E0,0.34554777,-0.08264401,9.728039
5.803376848E0,-0.17606768,-0.2269716,9.587304
5.808423254E0,0.024553655,-0.17906202,9.625032
5.813469713E0,0.6419883,-0.053898267,9.784332
5.818516119E0,0.37908447,-0.077853054,9.728039
5.823562525E0,-0.17606768,-0.24134447,9.563948
5.828608931E0,0.03413557,-0.2030168,9.648389
5.833655390E0,0.62821424,-0.08264401,9.770558
5.838701796E0,0.3982483,-0.077853054,9.728039
5.843748202E0,-0.14253098,-0.22218063,9.596886
5.848794608E0,0.024553655,-0.2030168,9.65318
5.853841067E0,0.66115206,-0.08264401,9.747202
5.858887473E0,0.37908447,-0.053898267,9.747202
5.863933879E0,-0.1616948,-0.20780776,9.582513
5.868980285E0,5.9886964E-4,-0.24134447,9.648389
5.874026744E0,0.6234233,-0.10180784,9.719055
5.879073150E0,0.3647116,-0.019762699,9.666954
5.884119556E0,-0.13294905,-0.24134447,9.531011
5.889166015E0,5.9886964E-4,-0.17846315,9.671744
5.894212421E0,0.61384135,-0.08264401,9.747202
5.899258827E0,0.3982483,-0.039525397,9.704682
5.904305233E0,-0.16648576,-0.25571734,9.605869
5.909351692E0,-0.05150279,-0.19822586,9.695101
5.914398098E0,0.62821424,-0.09701688,9.728039
5.919444504E0,0.41262117,-0.053898267,9.704682
5.924490910E0,-0.14253098,-0.26529926,9.582513
5.929537369E0,-0.041920874,-0.15450837,9.625032
5.934583775E0,0.6186323,-0.053898267,9.690908
5.939630181E0,0.4413669,-0.03473444,9.73762
5.944676588E0,-0.13294905,-0.27488115,9.601677
5.949723046E0,-0.041920874,-0.2030168,9.65318
5.954769452E0,0.6186323,-0.07306209,9.73762
5.959815858E0,0.43657598,-0.06827114,9.732829
5.964862265E0,-0.13774002,-0.27967212,9.568739
5.969908723E0,-0.06587566,-0.1934349,9.671744
5.974955129E0,0.6186323,-0.07306209,9.742412
5.980001535E0,0.43178502,-0.06827114,9.714264
5.985047994E0,-0.1281581,-0.26529926,9.596886
5.990094400E0,-0.061084703,-0.15929933,9.634016
5.995140806E0,0.6234233,-0.092225924,9.732829
6.000187213E0,0.41741213,-0.03473444,9.732829
6.005233671E0,-0.14253098,-0.2365535,9.577723
6.010280077E0,-0.037129916,-0.1934349,9.65318
6.015326483E0,0.6186323,-0.12576263,9.709474
6.020372890E0,0.41262117,-0.04910731,9.719055
6.025419348E0,-0.15211289,-0.28446308,9.601677
6.030465754E0,-0.061084703,-0.1934349,9.648389
6.035512160E0,0.6042595,-0.08743497,9.728039
6.040558567E0,0.4078302,-0.029344613,9.704682
6.045605025E0,-0.1281581,-0.2365535,9.559157
6.050651431E0,-0.061084703,-0.15929933,9.681327
6.055697838E0,0.6186323,-0.077853054,9.723248
6.060744244E0,0.45094883,-0.03473444,9.719055
6.065790390E0,-0.1281581,-0.25571734,9.587304
6.070836483E0,-0.094621405,-0.18385299,9.695101
6.075882577E0,0.6090504,-0.11138975,9.681327
6.080928671E0,0.46053076,-0.058689225,9.719055
6.085974765E0,-0.10420331,-0.27488115,9.605869
6.091020910E0,-0.11857619,-0.18385299,9.662762
6.096067004E0,0.61384135,-0.08264401,9.686117
6.101113098E0,0.48448554,-0.058689225,9.728039
6.106159192E0,-0.108994275,-0.3036269,9.61066
6.111205285E0,-0.11378523,-0.2030168,9.648389
6.116251379E0,0.62821424,-0.053898267,9.690908
6.121297473E0,0.4749036,-0.03473444,9.728039
6.126343619E0,-0.108994275,-0.28925404,9.587304
6.131389713E0,-0.11378523,-0.19822586,9.695101
6.136435806E0,0.61384135,-0.08743497,9.699891
6.141481900E0,0.47969458,-0.04910731,9.728039
6.146527994E0,-0.094621405,-0.29883596,9.568739
6.151574088E0,-0.13294905,-0.1736722,9.662762
6.156620233E0,0.6234233,-0.053898267,9.690908
6.161666327E0,0.48448554,-0.058689225,9.719055
6.166712421E0,-0.11378523,-0.27967212,9.549575
6.171758515E0,-0.11378523,-0.1934349,9.686117
6.176804608E0,0.61384135,-0.08743497,9.719055
6.181850702E0,0.4892765,-0.04431635,9.723248
6.186896848E0,-0.11857619,-0.26529926,9.535801
6.191942942E0,-0.123367146,-0.18864393,9.690908
6.196989035E0,0.63779616,-0.06348018,9.686117
6.202035129E0,0.52760416,-0.06348018,9.760976
6.207081223E0,-0.07545757,-0.294045,9.582513
6.212127317E0,-0.123367146,-0.16888124,9.704682
6.217173463E0,0.59467757,-0.06348018,9.709474
6.222219556E0,0.50364935,-0.04910731,9.756186
6.227265650E0,-0.11378523,-0.27967212,9.549575
6.232311744E0,-0.17127672,-0.15450837,9.638806
6.237357838E0,0.6042595,-0.058689225,9.732829
6.242403931E0,0.48448554,-0.08743497,9.803496
6.247450077E0,-0.1281581,-0.29883596,9.559157
6.252496171E0,-0.13774002,-0.15929933,9.671744
6.257542265E0,0.6090504,-0.058689225,9.728039
6.262588358E0,0.56114084,-0.04910731,9.756186
6.267634452E0,-0.108994275,-0.2700902,9.57353
6.272680546E0,-0.18085863,-0.18864393,9.686117
6.277726692E0,0.6090504,-0.058689225,9.728039
6.282772785E0,0.5228132,-0.053898267,9.78014
6.287818879E0,-0.08983044,-0.27488115,9.577723
6.292864973E0,-0.17606768,-0.16409028,9.686117
6.297911067E0,0.58509564,-0.058689225,9.704682
6.302957160E0,0.5323951,-0.07306209,9.798705
6.308003306E0,-0.094621405,-0.27488115,9.535801
6.313049400E0,-0.17606768,-0.1497174,9.681327
6.318095494E0,0.6042595,-0.010180783,9.695101
6.323141588E0,0.5803047,-0.04431635,9.775349
6.328187681E0,-0.108994275,-0.294045,9.549575
6.333233775E0,-0.21918629,-0.19822586,9.686117
6.338279921E0,0.58509564,-0.029344613,9.686117
6.343326015E0,0.54197705,-0.07306209,9.784332
6.348372108E0,-0.09941236,-0.25571734,9.601677
6.353418202E0,-0.19044055,-0.15929933,9.695101
6.358464296E0,0.5803047,-0.024553655,9.699891
6.363510390E0,0.56114084,-0.053898267,9.789124
6.368556535E0,-0.108994275,-0.28925404,9.549575
6.373602629E0,-0.1952315,-0.18864393,9.676536
6.378648723E0,0.6090504,-0.024553655,9.65797
6.383694817E0,0.58509564,-0.08264401,9.784332
6.388740910E0,-0.11857619,-0.25571734,9.572931
6.393787004E0,-0.18564959,-0.1934349,9.709474
6.398833150E0,0.6330052,-0.03413557,9.690908
6.403879244E0,0.5803047,-0.058689225,9.784332
6.408925338E0,-0.108994275,-0.26529926,9.568739
6.413971431E0,-0.18564959,-0.19822586,9.709474
6.419017525E0,0.59467757,-0.014971741,9.690908
6.424063619E0,0.5898866,-0.07306209,9.732829
6.429109765E0,-0.108994275,-0.26529926,9.544785
6.434155858E0,-0.22397724,-0.2030168,9.676536
6.439201952E0,0.5755137,-0.024553655,9.686117
6.444248046E0,0.61384135,-0.053898267,9.793914
6.449294140E0,-0.10420331,-0.2605083,9.549575
6.454340233E0,-0.20960437,-0.18864393,9.699891
6.459386327E0,0.5994685,-0.019762699,9.666954
6.464432473E0,0.61384135,-0.06348018,9.756186
6.469478567E0,-0.11378523,-0.24613541,9.535801
6.474524660E0,-0.22397724,-0.23176254,9.681327
6.479570754E0,0.6042595,-0.024553655,9.695101
6.484616848E0,0.63779616,-0.06827114,9.803496
6.489662942E0,-0.108994275,-0.24613541,9.568739
6.494709088E0,-0.23355916,-0.2030168,9.662163
6.499755181E0,0.5898866,-0.014971741,9.690908
6.504801275E0,0.6270165,-0.04910731,9.817869
6.509847369E0,-0.09102818,-0.2269716,9.550174
6.514893463E0,-0.24373995,-0.2365535,9.714264
6.519939556E0,0.5791069,0.008384175,9.70049
6.524985702E0,0.61264366,-0.04910731,9.766366
6.530031796E0,-0.124564886,-0.2269716,9.53161
6.535077890E0,-0.23894899,-0.18385299,9.6771345
6.540123983E0,0.6078527,0.022757046,9.648988
6.545170077E0,0.6605532,-0.06827114,9.771157
6.550216171E0,-0.124564886,-0.24613541,9.545383
6.555262317E0,-0.27727664,-0.20780776,9.705281
6.560308410E0,0.5791069,0.013175132,9.705281
6.565354400E0,0.6365984,-0.08743497,9.771157
6.570400442E0,-0.110192016,-0.21259873,9.57353
6.575446483E0,-0.2820676,-0.21738967,9.686117
6.580492525E0,0.58868885,0.01796609,9.690908
6.585538567E0,0.6605532,-0.092225924,9.775349
6.590584608E0,-0.119773924,-0.22218063,9.540592
6.595630650E0,-0.27248567,-0.22218063,9.690908
6.600676692E0,0.58868885,0.022757046,9.6771345
6.605722733E0,0.68450797,-0.107197665,9.794513
6.610768775E0,-0.13893776,-0.22218063,9.568739
6.615814817E0,-0.25811282,-0.1934349,9.690908
6.620860858E0,0.57431597,0.037129916,9.686117
6.625906900E0,0.68450797,-0.08743497,9.78014
6.630952942E0,-0.110192016,-0.22218063,9.587903
6.635998983E0,-0.31081334,-0.18864393,9.7100725
6.641045025E0,0.569525,0.008384175,9.681926
6.646091119E0,0.68450797,-0.08264401,9.804095
6.651137160E0,-0.11498297,-0.16468915,9.5783205
6.656183202E0,-0.29164952,-0.21738967,9.65797
6.661229244E0,0.57431597,-0.015570611,9.6771345
6.666275285E0,0.69888085,-0.092225924,9.78014
6.671321327E0,-0.11498297,-0.2365535,9.568739
6.676367369E0,-0.3012314,-0.2269716,9.667553
6.681413410E0,0.5551522,0.027548004,9.690908
6.686459452E0,0.67971706,-0.08743497,9.794513
6.691505494E0,-0.124564886,-0.22218063,9.568739
6.696551535E0,-0.29164952,-0.2269716,9.6957
6.701597577E0,0.57431597,0.008384175,9.690908
6.706643619E0,0.7084628,-0.04431635,9.771157
6.711689660E0,-0.11498297,-0.19822586,9.5783205
6.716735702E0,-0.31081334,-0.2365535,9.690908
6.721781744E0,0.52161545,0.01796609,9.648988
6.726827785E0,0.7036718,-0.077853054,9.756784
6.731873827E0,-0.12935585,-0.2030168,9.569338
6.736919869E0,-0.30602238,-0.2269716,9.681926
6.741965910E0,0.56473404,-0.010779654,9.648988
6.747011952E0,0.7324176,-0.11677958,9.747801
6.752057994E0,-0.095819145,-0.19822586,9.5783205
6.757104035E0,-0.3156043,-0.24194333,9.6771345
6.762150077E0,0.53598833,-0.053898267,9.690908
6.767196119E0,0.71325374,-0.08264401,9.784931
6.772242160E0,-0.09102818,-0.2030168,9.540592
6.777288202E0,-0.31620318,-0.25152525,9.705281
6.782334244E0,0.5407793,0.027548004,9.690908
6.787380285E0,0.78032714,-0.03473444,9.804095
6.792426327E0,-0.105401054,-0.18385299,9.583112
6.797472369E0,-0.32099414,-0.2365535,9.667553
6.802518410E0,0.53119737,0.0035932178,9.634615
6.807564452E0,0.7515814,-0.07306209,9.766366
6.812610494E0,-0.11498297,-0.2030168,9.61605
6.817656535E0,-0.32099414,-0.24194333,9.705281
6.822702577E0,0.54557025,0.013175132,9.6771345
6.827748619E0,0.78032714,-0.10240671,9.804095
6.832794660E0,-0.09102818,-0.1934349,9.5783205
6.837840702E0,-0.335367,-0.23715238,9.658569
6.842886744E0,0.5024516,-0.015570611,9.6771345
6.847932838E0,0.7515814,-0.058689225,9.771157
6.852978879E0,-0.11498297,-0.18864393,9.559756
6.858024921E0,-0.335367,-0.2563162,9.667553
6.863070963E0,0.53119737,0.01796609,9.662762
6.868117004E0,0.7755362,-0.07306209,9.761575
6.873163046E0,-0.08144627,-0.21738967,9.606468
6.878209088E0,-0.3689037,-0.25152525,9.672343
6.883255129E0,0.50724256,-0.039525397,9.630423
6.888301171E0,0.78032714,-0.107197665,9.775948
6.893347213E0,-0.119773924,-0.18864393,9.541191
6.898393254E0,-0.34494892,-0.25152525,9.653778
6.903439296E0,0.49766067,0.0035932178,9.7100725
6.908485338E0,0.7755362,-0.10240671,9.808886
6.913531379E0,-0.09102818,-0.1934349,9.57353
6.918577421E0,-0.335367,-0.26110715,9.653778
6.923623463E0,0.50724256,0.008384175,9.681926
6.928669504E0,0.80428195,-0.092824794,9.780739
6.933715546E0,-0.08623723,-0.18864393,9.61605
6.938761588E0,-0.35932177,-0.24673429,9.639405
6.943807629E0,0.47849685,-0.039525397,9.70049
6.948853671E0,0.799491,-0.10240671,9.7897215
6.953899713E0,-0.105401054,-0.18864393,9.5783205
6.958945754E0,-0.38327658,-0.2269716,9.6441965
6.963991796E0,0.48328778,0.008384175,9.639405
6.969037838E0,0.82344574,-0.10240671,9.747801
6.974083879E0,-0.0670734,-0.17427106,9.597485
6.979129921E0,-0.36411273,-0.24673429,9.658569
6.984175963E0,0.5120335,-0.0011977393,9.662762
6.989222004E0,0.78990906,-0.058689225,9.747801
6.994268046E0,-0.062282443,-0.20780776,9.569338
6.999314088E0,-0.37848562,-0.2563162,9.681926
7.004360129E0,0.459333,-0.025152525,9.681926
7.009406171E0,0.82763785,-0.107197665,9.784931
7.014452213E0,-0.095819145,-0.18864393,9.6112585
7.019498254E0,-0.3689037,-0.2658981,9.630423
7.024544296E0,0.46412396,-0.039525397,9.663361
7.029590338E0,0.81326497,-0.09761575,9.780739
7.034636379E0,-0.057491485,-0.18385299,9.602276
7.039682421E0,-0.38327658,-0.24673429,9.667553
7.044728463E0,0.46891493,-0.07366096,9.663361
7.049774556E0,0.8180559,-0.078451924,9.723846
7.054820598E0,-0.08144627,-0.14073436,9.569338
7.059866640E0,-0.38327658,-0.24673429,9.639405
7.064912890E0,0.4737059,-0.06348018,9.7100725
7.069959244E0,0.8180559,-0.078451924,9.7430105
7.075005650E0,-0.043118615,-0.18864393,9.597485
7.080052004E0,-0.3880675,-0.21738967,9.681926
7.085098358E0,0.45454204,-0.058689225,9.705281
7.090144713E0,0.8372198,-0.078451924,9.756784
7.095191119E0,-0.052700527,-0.19822586,9.625631
7.100237473E0,-0.38327658,-0.25152525,9.6112585
7.105283827E0,0.4737059,-0.092824794,9.653778
7.110330181E0,0.84201074,-0.092824794,9.775948
7.115376588E0,-0.047909573,-0.20780776,9.6112585
7.120422942E0,-0.40723136,-0.26110715,9.625631
7.125469296E0,0.4401692,-0.06887001,9.6771345
7.130515702E0,0.82763785,-0.06887001,9.771157
7.135562056E0,-0.023954786,-0.18864393,9.606468
7.140608410E0,-0.3880675,-0.22757046,9.630423
7.145654765E0,0.44496015,-0.03473444,9.6771345
7.150701171E0,0.85638356,-0.06887001,9.775948
7.155747525E0,-0.038327657,-0.19822586,9.587903
7.160793879E0,-0.37848562,-0.21798855,9.602276
7.165840285E0,0.45454204,-0.092824794,9.6771345
7.170886640E0,0.8659655,-0.09761575,9.775948
7.175932994E0,-0.009581914,-0.20780776,9.6112585
7.180979348E0,-0.40723136,-0.25152525,9.696299
7.186025754E0,0.42100537,-0.06887001,9.653778
7.191072108E0,0.8611745,-0.06407905,9.752592
7.196118463E0,-0.004790957,-0.2030168,9.592694
7.201164817E0,-0.42639518,-0.2563162,9.6441965
7.206211223E0,0.43058726,-0.10240671,9.705281
7.211257577E0,0.8372198,-0.04431635,9.780739
7.216303931E0,0.028146872,-0.18385299,9.61605
7.221350338E0,-0.37369466,-0.21798855,9.630423
7.226396692E0,0.42100537,-0.09761575,9.696299
7.231443046E0,0.84680164,-0.04431635,9.775948
7.236489400E0,0.018564958,-0.1694801,9.620841
7.241535806E0,-0.38327658,-0.21798855,9.620841
7.246582160E0,0.43537822,-0.13594341,9.691507
7.251628515E0,0.8515926,-0.025152525,9.761575
7.256674921E0,0.03293783,-0.1934349,9.620841
7.261721275E0,-0.38327658,-0.24673429,9.620841
7.266767629E0,0.42100537,-0.11677958,9.691507
7.271813983E0,0.84680164,-0.04431635,9.794513
7.276860390E0,0.023355916,-0.18385299,9.630423
7.281906744E0,-0.40723136,-0.23715238,9.648988
7.286953098E0,0.41142344,-0.13594341,9.738219
7.291999452E0,0.84201074,-0.059288096,9.766366
7.297045858E0,0.042519744,-0.18385299,9.602276
7.302092213E0,-0.3880675,-0.2227795,9.620841
7.307138567E0,0.40663248,-0.13115245,9.705281
7.312184973E0,0.84201074,-0.06407905,9.794513
7.317231327E0,0.042519744,-0.18385299,9.625631
7.322277681E0,-0.4024404,-0.23236142,9.639405
7.327324035E0,0.3826777,-0.15031628,9.7100725
7.332370442E0,0.8228469,-0.054497138,9.794513
7.337416796E0,0.08563836,-0.1934349,9.648988
7.342463150E0,-0.39764944,-0.20361568,9.625631
7.347509556E0,0.36351386,-0.15031628,9.686716
7.352555910E0,0.82763785,-0.025152525,9.808886
7.357602265E0,0.042519744,-0.18864393,9.635214
7.362648619E0,-0.40723136,-0.2227795,9.602276
7.367695025E0,0.33955908,-0.12636149,9.719654
7.372741379E0,0.7988921,-0.029943481,9.752592
7.377787733E0,0.047310703,-0.1934349,9.620841
7.382834088E0,-0.4024404,-0.22757046,9.640004
7.387880494E0,0.36830482,-0.15031628,9.672343
7.392926848E0,0.82763785,-0.025152525,9.761575
7.397973202E0,0.07605644,-0.17427106,9.663361
7.403019608E0,-0.4024404,-0.17906202,9.620841
7.408065963E0,0.349141,-0.15989819,9.691507
7.413112317E0,0.8324288,-0.04431635,9.78553
7.418158671E0,0.095220275,-0.19882472,9.625631
7.423205077E0,-0.39764944,-0.20361568,9.61605
7.428251431E0,0.35872293,-0.16468915,9.691507
7.433297785E0,0.82763785,-0.015570611,9.752592
7.438344192E0,0.10001123,-0.17906202,9.620841
7.443390546E0,-0.37848562,-0.20361568,9.653778
7.448436900E0,0.3826777,-0.15031628,9.668152
7.453483254E0,0.8324288,-0.010779654,9.757383
7.458529660E0,0.10001123,-0.17906202,9.630423
7.463576015E0,-0.38327658,-0.17906202,9.597485
7.468622369E0,0.35393196,-0.17906202,9.701089
7.473668723E0,0.7941011,-0.025152525,9.766366
7.478715129E0,0.1143841,-0.18385299,9.6441965
7.483761483E0,-0.3880675,-0.18864393,9.597485
7.488807838E0,0.31081334,-0.17427106,9.6771345
7.493854244E0,0.80368304,-0.029943481,9.79032
7.498900598E0,0.12875697,-0.17427106,9.668152
7.503946952E0,-0.3880675,-0.20361568,9.640004
7.508993306E0,0.33416927,-0.18924281,9.686716
7.514039713E0,0.8228469,-0.015570611,9.752592
7.519086067E0,0.13833888,-0.15510723,9.70588
7.524132421E0,-0.39285848,-0.14552532,9.625631
7.529178775E0,0.33416927,-0.19882472,9.691507
7.534225181E0,0.808474,-0.0059886966,9.766366
7.539271535E0,0.15271176,-0.16468915,9.663361
7.544317890E0,-0.38387543,-0.17966089,9.620841
7.549364296E0,0.29105064,-0.20361568,9.658569
7.554410650E0,0.7797283,-0.020361567,9.747801
7.559457004E0,0.13354793,-0.17966089,9.681926
7.564503254E0,-0.3886664,-0.1694801,9.653778
7.569549504E0,0.30542353,-0.17966089,9.677733
7.574595754E0,0.7988921,0.0035932178,9.752592
7.579642004E0,0.13354793,-0.14552532,9.681926
7.584688306E0,-0.3982483,-0.19882472,9.592694
7.589734556E0,0.2958416,-0.1694801,9.686716
7.594780806E0,0.7941011,0.027548004,9.762174
7.599827056E0,0.1814575,-0.13594341,9.653778
7.604873306E0,-0.36950257,-0.16468915,9.602276
7.609919556E0,0.30063257,-0.21319759,9.668152
7.614965806E0,0.7653554,-0.0059886966,9.738219
7.620012056E0,0.1479208,-0.16468915,9.677733
7.625058358E0,-0.37429354,-0.18445185,9.620841
7.630104608E0,0.29105064,-0.19403376,9.677733
7.635150858E0,0.78931016,-0.015570611,9.734027
7.640197108E0,0.17127672,-0.17966089,9.625631
7.645243358E0,-0.38387543,-0.19882472,9.574129
7.650289608E0,0.27188683,-0.21798855,9.649587
7.655335858E0,0.77493733,0.0035932178,9.752592
7.660382108E0,0.18564959,-0.121570535,9.668152
7.665428358E0,-0.37429354,-0.15031628,9.630423
7.670474660E0,0.25751394,-0.19403376,9.719654
7.675520910E0,0.7887113,0.0035932178,9.766965
7.680567160E0,0.20002246,-0.14552532,9.677733
7.685613410E0,-0.33596587,-0.17486994,9.625631
7.690659660E0,0.25272298,-0.19882472,9.7100725
7.695705910E0,0.73660964,-0.03533331,9.7430105
7.700752160E0,0.21918629,-0.14073436,9.658569
7.705798410E0,-0.3311749,-0.16528802,9.611857
7.710844713E0,0.2287682,-0.19882472,9.649587
7.715890963E0,0.72223675,-0.0059886966,9.734027
7.720937213E0,0.21439533,-0.13594341,9.686716
7.725983463E0,-0.29284725,-0.16049707,9.574129
7.731029713E0,0.23355916,-0.19882472,9.653778
7.736075963E0,0.69349104,-0.0011977393,9.738818
7.741122213E0,0.20960437,-0.121570535,9.644795
7.746168463E0,-0.35033873,-0.17486994,9.607067
7.751214713E0,0.23355916,-0.21319759,9.696299
7.756261015E0,0.71684694,-0.03533331,9.78553
7.761307265E0,0.23835011,-0.121570535,9.668152
7.766353515E0,-0.34554777,-0.15510723,9.597485
7.771399765E0,0.17127672,-0.18445185,9.672942
7.776446015E0,0.6743272,0.008384175,9.734027
7.781492265E0,0.21918629,-0.14552532,9.719654
7.786538515E0,-0.30722013,-0.16049707,9.625631
7.791584765E0,0.21439533,-0.17966089,9.677733
7.796631067E0,0.712056,0.013175132,9.762174
7.801677317E0,0.22397724,-0.121570535,9.649587
7.806723567E0,-0.3120111,-0.18924281,9.593292
7.811769817E0,0.21918629,-0.22757046,9.677733
7.816816067E0,0.707265,-0.020960437,9.762174
7.821862317E0,0.2623049,-0.12636149,9.640004
7.826908567E0,-0.30242917,-0.17486994,9.62144
7.831954817E0,0.1952315,-0.19882472,9.677733
7.837001119E0,0.7455927,-0.025751395,9.729236
7.842047369E0,0.24314107,-0.10240671,9.649587
7.847093619E0,-0.32638395,-0.16049707,9.583711
7.852139869E0,0.16648576,-0.18445185,9.677733
7.857186119E0,0.6976831,0.013175132,9.743609
7.862232369E0,0.2623049,-0.121570535,9.663361
7.867278619E0,-0.28805628,-0.17007898,9.583711
7.872324869E0,0.1616948,-0.18924281,9.668152
7.877371119E0,0.6641464,-0.040124267,9.747801
7.882417421E0,0.25272298,-0.092824794,9.686716
7.887463671E0,-0.27368343,-0.17486994,9.611857
7.892509921E0,0.14253098,-0.19403376,9.649587
7.897556171E0,0.6976831,-0.006587566,9.696299
7.902602421E0,0.2623049,-0.092824794,9.677733
7.907648671E0,-0.26889247,-0.17966089,9.578919
7.912694921E0,0.1281581,-0.2227795,9.630423
7.917741171E0,0.70247406,-0.020960437,9.734027
7.922787473E0,0.28625968,-0.08803384,9.682525
7.927833723E0,-0.2784744,-0.16528802,9.62144
7.932879973E0,0.11378523,-0.22757046,9.691507
7.937926223E0,0.6928922,-0.054497138,9.719654
7.942972473E0,0.31500542,-0.06887001,9.672942
7.948018723E0,-0.27368343,-0.20361568,9.607067
7.953064973E0,0.123367146,-0.21798855,9.677733
7.958111223E0,0.6833103,-0.025751395,9.766965
7.963157473E0,0.30063257,-0.08324288,9.691507
7.968203775E0,-0.24972863,-0.18924281,9.583711
7.973250025E0,0.123367146,-0.19403376,9.682525
7.978296275E0,0.65935546,0.0029943483,9.729236
7.983342525E0,0.32458735,-0.092824794,9.682525
7.988388775E0,-0.2305648,-0.23715238,9.62144
7.993435025E0,0.11378523,-0.17966089,9.682525
7.998481275E0,0.6785193,-0.011378523,9.724445
8.003527525E0,0.31021446,-0.10240671,9.715462
8.008573827E0,-0.20661002,-0.19882472,9.635214
8.013620077E0,0.09941236,-0.19403376,9.616649
8.018666327E0,0.6641464,-0.06407905,9.738818
8.023712577E0,0.33416927,-0.09761575,9.724445
8.028758827E0,-0.23535576,-0.22757046,9.607067
8.033805077E0,0.06587566,-0.19882472,9.658569
8.038851327E0,0.6401916,-0.03533331,9.743609
8.043897577E0,0.34854212,-0.09761575,9.668152
8.048943879E0,-0.21619193,-0.19882472,9.602276
8.053990129E0,0.041920874,-0.2227795,9.701089
8.059036379E0,0.6449826,-0.059288096,9.738818
8.064082629E0,0.33416927,-0.06887001,9.677733
8.069128879E0,-0.20661002,-0.18924281,9.588502
8.074175129E0,0.037129916,-0.20361568,9.654377
8.079221379E0,0.6354007,-0.03533331,9.7484
8.084267629E0,0.3389602,-0.04491522,9.734027
8.089313879E0,-0.21199985,-0.22757046,9.611857
8.094360129E0,0.032338962,-0.19882472,9.659168
8.099406379E0,0.6401916,-0.078451924,9.724445
8.104452629E0,0.362915,-0.030542351,9.70588
8.109498879E0,-0.1736722,-0.24194333,9.583711
8.114545129E0,0.05150279,-0.18924281,9.611857
8.119591379E0,0.6210278,-0.06887001,9.719654
8.124637629E0,0.35812405,-0.06407905,9.687315
8.129683879E0,-0.17846315,-0.24194333,9.574129
8.134730129E0,0.032338962,-0.20361568,9.701089
8.139776379E0,0.64977354,-0.078451924,9.757383
8.144822629E0,0.39585283,-0.06407905,9.724445
8.149868879E0,-0.15929933,-0.22757046,9.5980835
8.154915129E0,-0.0059886966,-0.19882472,9.687315
8.159961379E0,0.6449826,-0.078451924,9.7484
8.165007629E0,0.376689,-0.04970618,9.70588
8.170053879E0,-0.16888124,-0.24194333,9.5980835
8.175100129E0,0.027548004,-0.20361568,9.70588
8.180146379E0,0.6354007,-0.054497138,9.734027
8.185192629E0,0.38147995,-0.04970618,9.663361
8.190238879E0,-0.1736722,-0.2658981,9.607067
8.195285129E0,-0.020361567,-0.18924281,9.677733
8.200331379E0,0.6545645,-0.08803384,9.795112
8.205377629E0,0.39106187,-0.04491522,9.692106
8.210423879E0,-0.1736722,-0.25152525,9.583711
8.215470129E0,-0.0011977393,-0.19403376,9.668152
8.220516379E0,0.6210278,-0.07366096,9.743609
8.225562629E0,0.4102257,-0.054497138,9.734027
8.230608879E0,-0.15450837,-0.28086987,9.593292
8.235655129E0,-0.029943481,-0.18445185,9.649587
8.240701379E0,0.6401916,-0.059288096,9.701089
8.245747681E0,0.4198076,-0.040124267,9.692106
8.250793931E0,-0.13055357,-0.24673429,9.5980835
8.255840181E0,-0.029943481,-0.19403376,9.70588
8.260886431E0,0.6258188,-0.06887001,9.729236
8.265932681E0,0.39585283,-0.04970618,9.738818
8.270978931E0,-0.1497174,-0.2760789,9.5980835
8.276025181E0,-0.025152525,-0.16528802,9.701089
8.281071431E0,0.6449826,-0.054497138,9.753191
8.286117681E0,0.41501665,-0.054497138,9.724445
8.291163931E0,-0.16888124,-0.3096156,9.545982
8.296210181E0,-0.029943481,-0.17007898,9.649587
8.301256431E0,0.6449826,-0.07366096,9.743609
8.306302681E0,0.4341805,-0.04970618,9.7484
8.311348931E0,-0.14492646,-0.27128795,9.607067
8.316395181E0,-0.04910731,-0.19403376,9.710671
8.321441431E0,0.6401916,-0.092824794,9.7484
8.326487681E0,0.43897143,-0.06407905,9.692106
8.331533931E0,-0.12576263,-0.266497,9.5980835
8.336580181E0,-0.058689225,-0.16049707,9.682525
8.341626431E0,0.63060975,-0.08803384,9.724445
8.346672681E0,0.4341805,-0.059288096,9.743609
8.351718931E0,-0.1497174,-0.30482465,9.588502
8.356765181E0,-0.053898267,-0.18924281,9.677733
8.361811431E0,0.6210278,-0.07366096,9.710671
8.366857681E0,0.44855335,-0.04970618,9.70588
8.371903931E0,-0.11618071,-0.26170602,9.588502
8.376950181E0,-0.06348018,-0.15570611,9.687315
8.381996431E0,0.6210278,-0.092824794,9.738818
8.387042681E0,0.4341805,-0.04970618,9.720253
8.392088931E0,-0.106598794,-0.2856608,9.588502
8.397135181E0,-0.07306209,-0.19882472,9.677733
8.402181431E0,0.6401916,-0.10240671,9.7484
8.407227681E0,0.45813528,-0.059288096,9.729236
8.412273931E0,-0.15929933,-0.2856608,9.574728
8.417320181E0,-0.08264401,-0.19882472,9.692106
8.422366431E0,0.64977354,-0.08324288,9.725044
8.427412681E0,0.47250813,-0.03533331,9.7484
8.432458931E0,-0.16409028,-0.2856608,9.607666
8.437505181E0,-0.120971665,-0.20840663,9.725044
8.442551483E0,0.6258188,-0.06407905,9.715462
8.447597733E0,0.47250813,-0.078451924,9.753191
8.452643983E0,-0.120971665,-0.28086987,9.574728
8.457690233E0,-0.120971665,-0.17966089,9.6639595
8.462736483E0,0.6354007,-0.08324288,9.692106
8.467782733E0,0.49167198,-0.059288096,9.738818
8.472828983E0,-0.14492646,-0.3096156,9.560355
8.477875233E0,-0.120971665,-0.19882472,9.6968975
8.482921483E0,0.6258188,-0.08324288,9.7484
